RowNumber,CustomerId,Surname,CreditScore,Geography,Gender,Age,Tenure,Balance,NumOfProducts,HasCrCard,IsActiveMember,EstimatedSalary,Exited
1,15600000,Roberts,550,Germany,Female,47,4,50413.16,2,0,1,73307.05,0
2,15600001,Smith,506,France,Male,54,8,27927.87,2,1,0,163195.29,0
3,15600002,Clarke,780,Germany,Female,57,0,8487.83,1,1,1,27198.35,0
4,15600003,Baker,850,Spain,Female,41,7,106885.2,2,0,0,127951.09,0
5,15600004,Martin,604,France,Male,45,2,0.0,3,1,1,197523.65,0
6,15600005,Davies,523,Germany,Female,37,7,160551.9,2,1,1,179107.96,1
7,15600006,Johnson,435,Germany,Male,45,5,147277.5,1,1,1,134565.48,1
8,15600007,King,627,Germany,Male,42,0,221841.42,1,1,1,158733.44,0
9,15600008,Green,620,France,Male,40,8,85937.0,2,1,1,24178.81,0
10,15600009,White,587,France,Female,41,2,75670.87,1,0,1,100267.92,0
11,15600010,Taylor,671,France,Male,44,10,18487.55,1,0,1,106850.57,0
12,15600011,Martin,688,Germany,Male,36,9,128311.8,1,0,1,156756.46,0
13,15600012,Martin,681,Spain,Male,36,2,96519.38,2,1,0,57236.08,0
14,15600013,Fowler,620,Germany,Male,58,6,125819.65,1,1,0,22190.57,1
15,15600014,Green,544,France,Male,69,3,0.0,1,1,1,139924.65,1
16,15600015,Thomas,714,France,Male,26,6,109338.23,2,0,1,99026.23,0
17,15600016,Wood,651,Spain,Male,25,6,101285.98,1,0,0,168616.52,0
18,15600017,Brown,735,France,Male,28,3,97646.93,1,1,0,96816.45,0
19,15600018,Hill,726,Germany,Female,38,7,52420.38,1,0,1,169407.89,0
20,15600019,Brown,514,Spain,Male,49,2,155412.86,1,1,0,102059.17,0
21,15600020,Roberts,512,Germany,Female,46,9,202766.92,4,1,1,156757.0,1
22,15600021,Brown,577,France,Male,41,10,0.0,1,1,1,144428.29,0
23,15600022,Thomas,549,Germany,Male,45,1,129624.42,2,1,0,53950.43,1
24,15600023,Davies,723,Germany,Male,31,8,0.0,1,1,0,62570.27,0
25,15600024,Jackson,684,Germany,Male,36,10,0.0,1,0,0,179939.91,1
26,15600025,Davies,756,France,Male,39,1,0.0,1,1,0,46970.42,0
27,15600026,Walker,688,France,Female,22,8,0.0,2,0,1,139802.61,0
28,15600027,Wood,670,France,Male,26,10,17783.64,1,0,1,29878.91,0
29,15600028,Smith,765,France,Male,27,2,0.0,1,1,1,151276.52,1
30,15600029,Taylor,695,Spain,Female,47,6,136133.65,3,0,0,45434.68,0
31,15600030,Jackson,657,Spain,Male,42,8,0.0,1,1,1,119219.01,0
32,15600031,Brown,792,Germany,Male,46,3,70228.62,3,1,0,113284.45,1
33,15600032,Johnson,661,France,Male,19,2,0.0,1,1,1,41499.34,0
34,15600033,Wilson,621,France,Male,23,4,176957.68,1,1,0,98789.26,1
35,15600034,Davies,570,France,Male,46,3,113746.86,2,1,1,175970.36,0
36,15600035,Jackson,717,France,Female,18,7,25253.06,1,1,1,136425.34,0
37,15600036,Clarke,769,France,Female,52,4,0.0,1,0,0,198538.23,0
38,15600037,Fowler,645,France,Male,19,4,0.0,1,1,1,157126.3,0
39,15600038,White,776,France,Female,48,10,129290.09,1,0,0,129047.63,0
40,15600039,Clarke,461,Spain,Female,29,6,39497.16,2,0,0,113077.21,0
41,15600040,Doyle,645,France,Male,51,10,0.0,1,0,1,187548.3,0
42,15600041,Wilson,646,Germany,Female,74,7,77069.0,3,1,1,105875.67,1
43,15600042,White,580,Spain,Female,18,9,0.0,1,1,0,81131.88,0
44,15600043,Green,850,France,Female,47,2,0.0,1,1,0,167064.22,0
45,15600044,Wilson,644,Germany,Female,19,10,0.0,1,1,0,188108.64,1
46,15600045,White,611,Germany,Male,44,10,166405.96,2,1,1,96304.46,0
47,15600046,Wood,652,France,Male,37,0,69037.05,2,1,1,28310.47,0
48,15600047,Roberts,458,France,Male,40,3,0.0,2,0,0,122066.19,0
49,15600048,Fowler,577,Spain,Male,29,4,0.0,1,0,0,148435.57,0
50,15600049,Wood,744,France,Male,48,4,211997.78,1,1,1,75353.58,0
51,15600050,Doyle,590,France,Female,23,8,90488.11,2,0,1,149827.89,0
52,15600051,Baker,570,France,Male,53,7,150166.99,1,1,0,106679.22,1
53,15600052,Doyle,776,Germany,Male,34,2,57100.09,2,1,1,60969.87,0
54,15600053,Fowler,779,Spain,Female,24,6,75733.04,1,1,0,126274.72,0
55,15600054,Davies,700,Spain,Male,57,10,90690.4,1,0,0,78400.57,0
56,15600055,Wilson,606,Germany,Male,38,4,0.0,1,1,1,157578.28,0
57,15600056,Wilson,627,France,Female,60,10,0.0,1,1,1,1612.93,0
58,15600057,Baker,573,Spain,Male,52,7,138842.8,2,1,0,163817.45,0
59,15600058,Brown,555,France,Male,30,10,0.0,2,1,1,62008.48,0
60,15600059,Martin,550,France,Male,38,9,90004.9,3,1,1,191965.69,1
61,15600060,Walker,591,Spain,Female,40,0,128980.35,2,1,1,152073.81,0
62,15600061,Hall,551,France,Male,56,8,44654.37,1,0,1,48967.02,0
63,15600062,Walker,500,Spain,Male,44,2,150247.76,1,1,1,195781.03,0
64,15600063,Smith,671,Germany,Male,41,9,94008.59,1,1,1,100416.54,1
65,15600064,Walker,673,Spain,Male,37,8,80918.26,2,0,0,105061.84,0
66,15600065,Taylor,813,Spain,Female,38,2,0.0,1,1,1,181994.11,0
67,15600066,Thomas,586,Spain,Male,53,0,0.0,3,1,0,183762.21,1
68,15600067,Martin,678,France,Female,39,4,0.0,2,1,1,139679.62,0
69,15600068,White,680,France,Male,35,3,0.0,2,0,0,195711.48,0
70,15600069,Jackson,626,France,Male,33,6,121233.9,2,1,0,66445.19,0
71,15600070,Thomas,721,France,Female,33,0,0.0,2,0,1,47234.98,0
72,15600071,Brown,724,France,Male,24,0,0.0,2,1,0,6822.09,0
73,15600072,Taylor,681,Germany,Male,31,4,83024.76,2,1,0,69922.64,1
74,15600073,Walker,625,France,Female,55,8,157141.05,1,1,0,120924.04,0
75,15600074,Wood,616,France,Male,37,3,41174.65,2,1,1,61770.43,0
76,15600075,White,519,France,Male,47,3,143087.24,1,1,0,116344.43,1
77,15600076,Green,573,France,Female,18,1,130332.48,2,1,0,10628.76,0
78,15600077,Green,590,Spain,Male,45,3,0.0,2,1,1,71464.12,0
79,15600078,Wilson,542,Spain,Male,37,3,71921.36,1,0,1,149852.98,1
80,15600079,Turner,692,Germany,Male,34,2,0.0,2,1,1,21761.05,0
81,15600080,King,765,Spain,Male,41,3,187645.86,1,1,0,143252.65,1
82,15600081,Davies,563,France,Male,34,3,124752.44,2,1,1,152898.91,0
83,15600082,White,677,Germany,Female,18,7,108733.89,2,0,1,114183.54,0
84,15600083,Wilson,551,France,Male,49,3,67293.26,2,1,1,177331.42,0
85,15600084,Hill,621,France,Female,42,8,92082.94,2,0,1,190958.14,0
86,15600085,Brown,584,France,Male,36,6,99059.45,1,1,0,7900.82,0
87,15600086,Martin,708,Spain,Male,28,7,111993.16,1,1,1,136137.52,0
88,15600087,Thomas,585,France,Male,23,6,130388.72,2,1,1,48197.73,0
89,15600088,Martin,747,France,Female,41,10,46964.07,1,1,0,82228.48,0
90,15600089,Taylor,626,Spain,Male,57,2,0.0,1,0,0,125007.7,0
91,15600090,Thomas,588,France,Male,41,10,94635.45,1,1,0,142742.18,1
92,15600091,Johnson,530,Spain,Female,24,2,0.0,1,1,1,168198.0,0
93,15600092,White,674,France,Female,41,1,72198.65,4,0,0,141372.0,1
94,15600093,Taylor,736,France,Male,38,9,0.0,1,1,1,155702.4,0
95,15600094,Hill,676,France,Female,49,9,117046.15,1,1,1,120215.17,0
96,15600095,Smith,850,Spain,Male,46,1,0.0,3,1,0,24294.76,0
97,15600096,Wood,787,France,Male,18,6,0.0,3,1,0,5264.63,0
98,15600097,Harris,620,France,Male,45,5,215080.18,1,0,0,106426.83,0
99,15600098,Baker,619,France,Male,28,2,0.0,2,1,0,143392.67,0
100,15600099,Smith,695,Germany,Male,23,5,109129.48,1,0,1,22664.25,0
101,15600100,Hall,570,Germany,Female,37,7,12184.23,2,1,1,86429.89,0
102,15600101,Thomas,762,Spain,Male,44,6,144827.94,1,0,1,51979.3,0
103,15600102,Clarke,685,France,Female,21,5,0.0,1,1,1,113851.52,0
104,15600103,Jackson,675,Germany,Female,47,9,86619.29,1,0,0,78710.05,1
105,15600104,Johnson,716,Germany,Female,47,2,0.0,2,0,1,41092.03,0
106,15600105,Walker,815,Spain,Female,40,6,94058.82,1,0,0,1874.15,1
107,15600106,Hall,666,France,Female,29,3,0.0,1,1,1,64983.49,1
108,15600107,Roberts,639,France,Female,28,10,77004.68,2,0,0,103716.27,0
109,15600108,King,795,France,Male,50,2,154580.96,1,0,0,185912.61,1
110,15600109,Martin,743,Germany,Male,22,9,152309.23,2,0,1,46267.73,0
111,15600110,Johnson,619,France,Male,51,6,0.0,1,1,1,102938.76,0
112,15600111,Hall,650,France,Male,37,2,0.0,1,1,0,113732.81,0
113,15600112,Davies,669,France,Male,38,8,0.0,1,1,0,130196.3,1
114,15600113,Thomas,685,Spain,Female,20,2,92735.99,1,0,1,66384.7,0
115,15600114,Johnson,520,France,Male,37,2,95443.97,1,0,1,20796.88,0
116,15600115,Martin,502,Germany,Female,46,3,93812.37,2,0,1,184349.89,0
117,15600116,Walker,565,Germany,Male,24,7,0.0,2,1,0,190598.33,0
118,15600117,Baker,557,Spain,Male,44,4,0.0,1,0,0,88208.0,0
119,15600118,Baker,588,France,Male,40,6,14982.94,1,0,1,116534.42,0
120,15600119,Harris,711,Spain,Male,32,6,0.0,2,0,1,6776.25,0
121,15600120,Hill,634,Spain,Male,48,2,0.0,1,1,0,10395.91,0
122,15600121,Davies,669,Spain,Male,18,2,136856.61,2,1,0,16256.82,0
123,15600122,Fowler,532,France,Male,43,3,0.0,2,0,0,148010.52,0
124,15600123,Hall,606,France,Male,57,2,34559.18,1,1,1,46219.66,0
125,15600124,Martin,706,France,Male,55,10,53833.04,2,1,0,37705.0,0
126,15600125,Roberts,707,France,Male,43,4,196845.3,3,1,1,2658.73,0
127,15600126,Fowler,580,France,Male,36,4,51929.14,2,0,1,5556.61,0
128,15600127,Taylor,666,France,Male,32,7,0.0,3,1,0,81671.37,0
129,15600128,Doyle,850,France,Male,36,8,0.0,1,1,0,108793.91,0
130,15600129,Evans,648,Spain,Male,45,7,172527.67,2,1,0,116232.78,0
131,15600130,Wilson,583,France,Male,30,6,181256.86,1,1,0,92124.33,0
132,15600131,Harris,633,Germany,Female,47,10,147109.14,1,0,1,92452.69,0
133,15600132,Smith,659,Spain,Female,62,9,0.0,4,1,1,150875.29,0
134,15600133,Taylor,635,France,Female,38,2,0.0,1,1,0,58624.46,1
135,15600134,Smith,647,Spain,Male,24,1,0.0,3,0,1,48305.85,0
136,15600135,King,511,France,Male,24,4,91533.46,2,0,0,171010.51,0
137,15600136,Taylor,558,Germany,Male,48,9,124186.5,3,1,1,138163.5,0
138,15600137,Turner,636,France,Female,38,10,82560.15,3,0,1,95896.42,0
139,15600138,Wood,634,Germany,Female,49,7,0.0,2,1,0,55805.56,1
140,15600139,Taylor,596,France,Female,33,7,36973.51,4,1,1,28179.78,0
141,15600140,Hall,633,France,Female,48,2,0.0,2,1,1,8446.82,0
142,15600141,Hill,656,France,Male,37,6,0.0,2,0,0,170620.71,0
143,15600142,King,735,Germany,Female,31,2,193089.05,2,1,1,119083.71,1
144,15600143,Baker,640,Spain,Female,35,5,89854.41,1,1,0,10120.07,1
145,15600144,Taylor,688,France,Male,26,2,105483.8,1,1,0,32558.89,0
146,15600145,Doyle,598,France,Female,61,0,36052.81,1,0,1,56633.29,0
147,15600146,Evans,705,France,Male,38,10,125341.62,1,0,0,53351.25,0
148,15600147,White,686,Spain,Female,46,9,186780.7,1,0,0,110129.81,1
149,15600148,Wood,733,France,Female,33,7,0.0,2,0,0,80489.28,0
150,15600149,Fowler,718,France,Male,27,6,0.0,2,1,0,176561.1,0
151,15600150,Fowler,707,Germany,Female,36,2,119646.22,2,0,0,144162.73,1
152,15600151,Smith,641,Germany,Male,51,6,119018.36,2,0,0,182235.78,1
153,15600152,White,674,France,Female,33,8,180354.97,3,1,1,172700.91,0
154,15600153,Brown,752,Spain,Female,29,5,0.0,2,0,0,184352.46,0
155,15600154,King,587,France,Female,41,3,77158.4,2,0,1,196022.28,0
156,15600155,Taylor,590,Spain,Female,44,4,127024.55,1,1,1,63027.59,1
157,15600156,King,667,France,Male,57,9,94632.85,3,1,0,42726.44,0
158,15600157,Baker,690,Spain,Male,43,2,55233.66,1,1,1,33865.32,0
159,15600158,Clarke,571,Spain,Male,46,10,104894.78,1,1,1,125989.6,0
160,15600159,Doyle,643,Germany,Male,47,8,0.0,1,0,1,136512.37,0
161,15600160,Johnson,641,France,Male,26,9,101931.08,2,1,1,18479.66,0
162,15600161,Doyle,437,Germany,Male,28,5,41535.03,2,1,0,164393.25,0
163,15600162,Wood,629,France,Male,27,2,0.0,1,1,0,156830.24,0
164,15600163,Jackson,635,France,Male,24,0,64925.09,2,1,1,126066.31,1
165,15600164,Turner,635,Spain,Female,48,5,43665.58,1,1,1,87686.88,0
166,15600165,Baker,786,France,Male,42,4,107244.68,1,1,1,31577.8,0
167,15600166,Taylor,533,Germany,Female,40,1,112996.17,1,1,1,101612.86,1
168,15600167,Davies,571,Germany,Male,18,10,143873.47,1,0,0,32674.69,0
169,15600168,White,399,France,Male,62,10,0.0,2,1,0,121390.78,0
170,15600169,White,604,Germany,Male,29,4,58238.67,1,0,1,62682.98,0
171,15600170,Taylor,612,France,Male,62,7,175501.32,1,1,0,50213.95,0
172,15600171,Fowler,601,Spain,Male,23,4,80952.73,1,1,1,88769.22,0
173,15600172,Hill,756,France,Male,30,5,91657.21,2,1,1,116561.85,0
174,15600173,Harris,733,Germany,Male,18,6,0.0,4,0,0,74125.35,1
175,15600174,Wilson,657,France,Male,43,4,152316.7,2,1,0,192757.08,0
176,15600175,Clarke,614,France,Female,27,8,0.0,2,1,1,2173.63,0
177,15600176,Harris,749,France,Male,27,2,0.0,3,0,1,182659.34,0
178,15600177,King,648,Germany,Female,24,7,91461.22,1,0,1,1136.13,0
179,15600178,Thomas,571,Germany,Male,48,10,42016.02,1,1,0,44125.68,0
180,15600179,Wood,485,Spain,Female,47,9,195886.72,2,0,0,199273.89,1
181,15600180,Doyle,608,Germany,Female,59,0,137096.99,1,1,0,145890.98,0
182,15600181,Baker,722,Germany,Female,31,1,0.0,1,1,0,129255.18,1
183,15600182,King,850,Spain,Female,41,6,168310.04,1,0,0,145492.48,0
184,15600183,Davies,656,France,Male,25,10,0.0,1,1,1,82250.94,0
185,15600184,Wilson,577,Germany,Male,35,9,167588.69,1,0,0,157057.74,0
186,15600185,Clarke,536,Spain,Male,33,9,171305.65,1,0,1,31818.74,0
187,15600186,Davies,703,France,Female,44,1,39318.45,1,1,1,158984.59,0
188,15600187,Clarke,481,France,Female,50,5,0.0,2,0,1,187965.81,0
189,15600188,Hill,703,Spain,Male,50,7,133020.49,2,1,1,171679.68,0
190,15600189,Brown,729,France,Female,30,6,233820.01,1,1,0,148192.53,1
191,15600190,White,692,Germany,Male,50,8,49173.44,1,0,1,130624.09,0
192,15600191,Baker,629,France,Female,39,2,0.0,1,1,0,104697.34,1
193,15600192,Fowler,704,France,Female,35,5,0.0,1,1,0,79649.43,0
194,15600193,White,666,Germany,Male,31,4,21724.97,1,0,1,173265.06,0
195,15600194,Johnson,575,France,Female,33,10,0.0,1,1,0,129844.26,0
196,15600195,Martin,828,France,Female,58,2,90135.56,2,1,0,87545.16,0
197,15600196,Brown,616,Spain,Male,42,3,31761.04,2,1,1,157173.55,0
198,15600197,Wilson,724,Germany,Male,41,0,0.0,2,1,0,11766.65,0
199,15600198,Clarke,418,France,Male,36,1,142679.51,2,1,0,162810.73,0
200,15600199,Martin,773,France,Female,66,10,103101.04,2,0,0,162329.73,1
201,15600200,Davies,791,Germany,Male,53,9,0.0,2,0,0,46477.35,1
202,15600201,Taylor,653,Germany,Female,31,2,81834.04,2,1,1,8496.65,0
203,15600202,Turner,704,Spain,Female,36,7,0.0,2,1,1,143027.88,0
204,15600203,Turner,704,France,Male,37,6,101952.69,2,1,0,40774.45,0
205,15600204,Roberts,588,France,Male,41,9,151040.69,2,0,1,199208.34,1
206,15600205,Fowler,703,France,Female,31,3,104956.69,2,1,1,2827.31,1
207,15600206,Turner,572,France,Female,44,10,0.0,1,0,1,46728.6,0
208,15600207,Hall,592,Spain,Male,55,4,59072.34,1,1,1,9370.42,0
209,15600208,Green,758,France,Male,25,7,0.0,1,1,1,156748.49,0
210,15600209,Hill,744,Spain,Male,27,4,151826.85,1,0,1,116160.4,1
211,15600210,Turner,582,Spain,Female,34,7,0.0,1,1,1,169838.47,0
212,15600211,Clarke,580,Spain,Male,34,3,187607.69,1,1,0,192560.06,0
213,15600212,Smith,588,France,Female,61,9,0.0,1,1,0,122412.86,0
214,15600213,Wilson,720,Germany,Male,50,7,131982.0,3,1,0,47118.95,1
215,15600214,Wilson,554,Spain,Female,49,3,10004.62,1,1,1,19437.24,0
216,15600215,Martin,684,Spain,Male,36,10,0.0,1,1,0,173385.95,0
217,15600216,Thomas,722,France,Male,36,7,30860.47,1,1,1,49777.54,0
218,15600217,Martin,642,France,Female,23,4,0.0,1,1,0,178810.13,0
219,15600218,Jackson,747,Germany,Female,48,1,250000.0,2,0,1,175779.23,0
220,15600219,Wilson,621,France,Male,44,10,0.0,2,0,0,125934.03,0
221,15600220,Davies,629,France,Male,53,8,0.0,1,1,0,121195.17,0
222,15600221,Harris,556,France,Male,37,7,112428.4,2,0,0,190214.47,0
223,15600222,Thomas,748,Spain,Male,37,9,61560.86,1,1,1,151447.01,0
224,15600223,Jackson,576,Germany,Male,41,6,37159.07,2,1,1,136973.07,0
225,15600224,Hill,684,France,Female,49,2,205672.67,3,1,0,87712.41,1
226,15600225,Evans,643,Germany,Male,23,2,0.0,3,1,1,97315.69,0
227,15600226,Green,549,France,Female,47,0,0.0,1,1,1,78395.3,0
228,15600227,Wilson,592,Spain,Male,39,0,68449.72,2,0,1,189317.88,0
229,15600228,Martin,783,Spain,Male,27,8,72906.58,2,1,1,127985.72,0
230,15600229,Smith,669,France,Female,18,9,0.0,2,1,1,156292.35,0
231,15600230,Martin,553,France,Male,37,1,106861.76,1,0,1,8402.75,0
232,15600231,Johnson,679,France,Female,55,6,0.0,1,0,1,170632.83,0
233,15600232,Evans,636,Germany,Male,57,1,223151.62,1,1,1,84110.02,1
234,15600233,Roberts,850,Spain,Female,43,4,100068.43,1,1,1,147694.91,0
235,15600234,Brown,677,Germany,Female,61,8,108885.3,2,0,0,8965.04,1
236,15600235,Roberts,613,Germany,Female,39,8,149768.21,1,1,0,178880.76,1
237,15600236,King,786,France,Male,49,10,115597.16,1,0,1,132309.27,0
238,15600237,Evans,473,Germany,Male,34,3,0.0,2,0,1,92042.66,0
239,15600238,Roberts,659,France,Male,33,10,0.0,1,1,1,61408.06,0
240,15600239,Baker,841,France,Male,32,8,0.0,4,0,1,62893.8,0
241,15600240,Baker,639,Germany,Male,18,3,105412.8,2,1,1,61376.23,0
242,15600241,Fowler,484,Germany,Male,53,3,0.0,2,0,0,27074.14,0
243,15600242,Clarke,612,France,Male,32,1,54370.86,2,1,1,93298.1,0
244,15600243,Martin,790,Spain,Male,30,10,49958.68,1,1,0,91243.78,0
245,15600244,Baker,686,Spain,Male,26,2,157156.06,1,0,1,82975.4,0
246,15600245,Harris,569,Germany,Male,37,2,64851.51,3,1,1,140915.75,1
247,15600246,Johnson,584,Spain,Male,58,4,67419.2,1,1,0,84543.16,1
248,15600247,White,596,France,Female,62,1,0.0,1,0,1,18711.74,0
249,15600248,Martin,685,France,Male,21,8,86426.05,2,1,1,170559.86,0
250,15600249,Roberts,778,France,Male,35,7,3449.9,1,0,0,85595.07,1
251,15600250,Fowler,751,Spain,Male,28,1,0.0,1,0,1,131401.85,0
252,15600251,Doyle,694,Germany,Female,50,1,102670.24,1,1,1,186049.37,0
253,15600252,Brown,522,France,Male,42,0,102278.09,1,0,1,153715.61,0
254,15600253,Martin,523,France,Female,32,10,0.0,2,1,0,108220.98,0
255,15600254,Walker,701,France,Female,40,4,191166.57,1,1,0,109459.43,1
256,15600255,Clarke,521,Spain,Male,34,7,173186.59,1,1,1,170056.68,1
257,15600256,Doyle,628,Germany,Female,57,1,140305.88,1,0,0,164902.83,1
258,15600257,Harris,679,France,Female,45,2,0.0,2,0,0,36551.89,0
259,15600258,Fowler,541,France,Male,46,5,0.0,1,1,1,125673.72,0
260,15600259,Smith,552,Spain,Male,18,2,90983.31,1,0,1,173277.42,0
261,15600260,Hill,641,France,Female,38,6,122206.83,2,1,1,160858.18,0
262,15600261,Green,698,Germany,Female,62,10,135206.58,1,1,1,25818.49,0
263,15600262,White,752,France,Male,54,3,124269.72,2,1,0,87702.87,0
264,15600263,Davies,708,France,Male,19,6,0.0,1,1,0,104128.39,0
265,15600264,Roberts,657,Germany,Female,36,10,133277.42,1,0,1,52304.1,0
266,15600265,Wood,578,France,Male,26,9,159347.99,1,0,0,136220.38,0
267,15600266,Evans,547,France,Female,58,0,138408.82,2,1,0,95769.07,0
268,15600267,White,601,France,Male,42,1,88239.28,1,1,1,60204.23,0
269,15600268,Brown,689,France,Female,31,10,44138.32,1,1,0,68036.04,0
270,15600269,Doyle,682,France,Female,39,10,0.0,2,0,1,171477.0,0
271,15600270,Doyle,448,France,Female,18,3,52533.03,1,1,1,173373.76,0
272,15600271,Doyle,575,France,Female,27,5,104139.14,2,0,1,162662.76,0
273,15600272,Fowler,766,France,Female,39,6,118589.21,4,1,0,182859.9,1
274,15600273,Johnson,658,Spain,Female,48,7,0.0,2,0,0,190509.0,0
275,15600274,Johnson,514,Spain,Female,18,8,62280.27,1,1,1,98873.75,0
276,15600275,Walker,850,France,Male,35,4,0.0,1,1,1,20244.02,0
277,15600276,Wood,647,France,Female,50,9,0.0,3,1,1,160214.13,1
278,15600277,Smith,687,Spain,Male,23,0,0.0,1,1,0,127052.95,0
279,15600278,Hall,688,Germany,Female,42,0,73091.44,1,0,1,76722.92,0
280,15600279,Johnson,615,Germany,Female,40,10,50211.89,3,1,0,195131.1,1
281,15600280,Harris,580,France,Male,58,1,92926.3,3,1,0,68398.36,0
282,15600281,Wilson,850,France,Male,36,10,111575.42,1,1,0,181619.16,0
283,15600282,Evans,746,France,Male,37,3,43330.91,1,1,0,118924.31,1
284,15600283,Jackson,729,France,Female,48,4,76656.32,2,1,0,8291.75,0
285,15600284,Turner,705,Spain,Male,24,0,115722.31,2,0,0,172206.69,0
286,15600285,Harris,554,France,Male,37,10,48085.04,1,1,1,152680.18,0
287,15600286,Davies,773,France,Female,34,3,0.0,1,1,1,128855.02,0
288,15600287,Wilson,569,France,Female,37,1,0.0,1,1,0,123302.84,1
289,15600288,Wilson,677,Spain,Male,48,5,67007.2,1,1,0,44548.26,1
290,15600289,Hill,493,France,Male,45,1,17486.99,1,1,1,43682.74,0
291,15600290,Wilson,454,Germany,Female,31,8,70875.3,2,1,0,6805.31,1
292,15600291,White,681,France,Female,41,0,0.0,1,1,0,31673.36,0
293,15600292,Brown,572,Germany,Female,55,5,14177.09,1,1,1,67959.77,1
294,15600293,Davies,459,France,Male,30,4,74456.73,2,0,1,108604.25,0
295,15600294,Johnson,702,Germany,Male,41,0,207276.75,1,1,1,27030.9,0
296,15600295,Brown,850,Germany,Male,37,0,112447.15,1,1,0,111956.86,0
297,15600296,Johnson,783,Germany,Female,38,5,69775.22,3,1,0,53400.7,1
298,15600297,Thomas,625,Germany,Male,21,4,81371.46,1,1,0,51538.26,0
299,15600298,Taylor,651,Germany,Male,55,1,113614.94,2,1,1,189640.9,0
300,15600299,Turner,735,Spain,Female,30,1,183267.46,1,0,0,198476.56,0
301,15600300,Hall,758,Germany,Female,50,8,60803.05,1,1,0,162476.28,1
302,15600301,Wilson,617,France,Female,32,8,48331.43,2,1,0,11824.0,1
303,15600302,Roberts,653,Spain,Male,32,6,14165.52,1,1,1,145997.71,0
304,15600303,Turner,679,Spain,Male,52,9,95670.28,2,0,0,36506.72,0
305,15600304,Doyle,703,Germany,Male,50,0,12687.19,1,0,0,114275.04,0
306,15600305,Brown,637,France,Male,41,7,0.0,2,1,1,178849.01,0
307,15600306,Green,638,France,Male,47,8,40022.41,1,1,1,76658.93,0
308,15600307,Hill,782,Spain,Male,36,2,149076.79,2,1,1,185839.5,0
309,15600308,Roberts,766,France,Female,39,5,0.0,2,1,1,141966.07,0
310,15600309,Walker,696,France,Female,32,8,111831.17,1,1,0,60901.35,1
311,15600310,Martin,815,France,Female,49,6,0.0,1,1,1,19888.52,1
312,15600311,White,613,France,Male,31,2,97232.88,1,1,0,163254.91,0
313,15600312,Johnson,806,France,Male,55,7,23826.18,2,1,1,92153.82,0
314,15600313,Roberts,702,France,Male,36,8,66589.33,1,0,0,15466.0,0
315,15600314,Smith,850,France,Male,39,0,211616.14,2,1,1,21521.35,0
316,15600315,Green,536,France,Male,47,6,141269.59,1,0,1,193425.31,1
317,15600316,Green,584,France,Male,39,5,82937.31,1,1,0,49357.39,0
318,15600317,Turner,690,Spain,Female,36,4,250000.0,2,0,0,193351.64,0
319,15600318,Doyle,688,France,Male,39,0,0.0,1,0,1,136550.76,0
320,15600319,Roberts,837,Germany,Female,49,0,0.0,1,0,0,60797.73,1
321,15600320,Turner,586,Germany,Male,32,8,5702.9,2,0,1,77361.85,0
322,15600321,Hill,737,France,Male,38,9,0.0,2,1,0,155630.65,0
323,15600322,Brown,762,France,Male,39,4,15871.56,1,1,1,87647.58,0
324,15600323,Clarke,718,Spain,Male,49,10,104150.18,1,1,1,15875.4,0
325,15600324,Hill,558,Germany,Male,38,10,0.0,1,1,0,46733.01,0
326,15600325,Doyle,785,Spain,Female,59,7,73078.44,2,1,1,172208.65,1
327,15600326,Baker,768,Germany,Male,37,6,150063.14,1,1,1,139538.65,0
328,15600327,Green,708,Spain,Male,36,10,58809.56,2,1,1,100702.21,0
329,15600328,Johnson,670,Spain,Female,37,6,107976.85,2,0,1,49853.64,0
330,15600329,Martin,672,France,Male,25,10,0.0,3,1,1,95443.53,0
331,15600330,Roberts,642,Spain,Female,28,10,8422.83,1,0,0,157980.96,0
332,15600331,Thomas,712,France,Male,33,2,48837.21,1,0,0,17227.1,0
333,15600332,Turner,653,Spain,Female,51,7,92962.35,1,1,0,198958.8,1
334,15600333,Taylor,569,Germany,Male,39,8,124658.44,1,0,1,172092.75,1
335,15600334,Davies,549,France,Male,34,9,0.0,1,0,1,64275.19,0
336,15600335,Green,578,Spain,Female,52,3,78126.61,2,1,0,174244.77,0
337,15600336,Smith,671,France,Female,56,9,72594.09,1,0,1,136661.19,0
338,15600337,Walker,647,Spain,Male,53,5,0.0,1,1,0,133604.53,0
339,15600338,Walker,671,France,Female,30,4,108149.13,2,1,1,28802.24,0
340,15600339,Taylor,698,Germany,Male,34,1,73658.53,4,1,1,181273.03,0
341,15600340,Johnson,590,France,Male,59,3,74928.23,1,1,1,90618.02,1
342,15600341,Roberts,791,Germany,Male,42,10,0.0,2,0,1,160842.32,0
343,15600342,Turner,624,Germany,Female,36,7,120339.54,2,1,1,60605.23,0
344,15600343,Brown,608,Spain,Male,47,7,0.0,1,1,0,62292.73,0
345,15600344,Fowler,696,Germany,Female,50,9,47531.31,2,0,1,192973.15,1
346,15600345,Fowler,474,Germany,Male,33,2,113744.83,1,1,0,99835.33,1
347,15600346,Walker,574,Germany,Female,41,7,0.0,1,1,1,12918.25,0
348,15600347,Hall,744,France,Female,49,4,0.0,1,1,1,167305.62,0
349,15600348,Thomas,483,Spain,Male,26,9,26677.98,1,1,0,46218.77,0
350,15600349,Davies,757,France,Male,39,4,0.0,2,0,0,175872.0,0
351,15600350,White,795,Spain,Male,27,9,65748.7,2,1,0,183371.54,0
352,15600351,Davies,615,France,Female,28,8,59160.61,1,1,1,15480.44,0
353,15600352,Hall,678,Spain,Male,33,8,87325.76,2,1,0,116903.42,0
354,15600353,Turner,757,Spain,Male,44,10,0.0,1,1,1,196323.3,0
355,15600354,Doyle,605,France,Male,35,8,0.0,1,0,0,186253.0,0
356,15600355,Hill,733,Spain,Female,32,3,0.0,2,1,1,105523.41,0
357,15600356,Smith,586,Germany,Male,40,5,66787.78,1,1,1,136418.15,0
358,15600357,Walker,604,Germany,Male,26,5,66393.04,2,1,0,121248.14,0
359,15600358,Harris,573,France,Female,44,0,34441.33,1,0,1,41447.42,0
360,15600359,King,683,Spain,Male,51,6,0.0,2,1,0,130946.52,0
361,15600360,Green,761,Germany,Female,38,4,0.0,1,0,1,67295.1,0
362,15600361,Walker,632,France,Male,37,4,0.0,1,1,0,68256.41,0
363,15600362,Martin,528,France,Male,43,1,11451.38,2,1,1,84577.64,0
364,15600363,Baker,546,France,Female,18,5,0.0,2,1,0,170583.2,0
365,15600364,Davies,688,Spain,Female,45,6,0.0,1,0,1,48430.82,0
366,15600365,Jackson,827,France,Female,73,1,143607.9,2,0,0,50907.54,0
367,15600366,Hall,688,Germany,Male,38,6,106493.9,1,1,1,2460.64,0
368,15600367,Roberts,613,Spain,Male,38,1,0.0,1,1,0,31846.37,0
369,15600368,Wilson,724,France,Male,47,1,210176.42,1,0,0,195757.18,1
370,15600369,Brown,627,Germany,Male,57,4,0.0,2,1,1,87340.12,0
371,15600370,Brown,614,Germany,Male,50,4,0.0,2,0,0,39837.77,0
372,15600371,Wilson,558,France,Male,18,10,0.0,2,1,1,193170.68,0
373,15600372,White,785,France,Male,45,0,186562.07,2,1,1,6396.46,0
374,15600373,Harris,406,France,Male,67,3,187283.3,1,0,0,97349.11,0
375,15600374,Hill,727,France,Male,46,8,39147.01,1,1,1,161115.82,0
376,15600375,Johnson,605,France,Male,26,2,49997.36,1,1,0,154792.22,0
377,15600376,Thomas,611,Germany,Female,42,10,0.0,2,1,1,38654.24,0
378,15600377,White,812,France,Female,25,8,157334.13,1,1,1,141850.15,0
379,15600378,Green,581,France,Male,53,10,19198.38,2,1,0,124835.43,0
380,15600379,Harris,585,Spain,Female,28,10,0.0,2,0,0,135379.97,0
381,15600380,Clarke,637,Spain,Female,40,1,209213.3,2,1,1,53954.86,0
382,15600381,Jackson,690,Germany,Male,30,5,107180.53,1,1,1,162336.14,0
383,15600382,Roberts,608,Germany,Male,33,8,114992.73,1,0,0,112288.26,0
384,15600383,Johnson,499,France,Male,55,0,0.0,3,1,0,145290.53,1
385,15600384,Doyle,567,France,Male,40,4,115618.17,2,1,0,187975.13,0
386,15600385,Clarke,773,Germany,Female,33,7,6718.68,1,0,1,171243.96,0
387,15600386,Taylor,657,Spain,Female,26,8,43749.37,2,1,1,156685.16,0
388,15600387,Clarke,693,Germany,Male,18,4,95783.68,3,0,0,58640.1,0
389,15600388,Wilson,625,France,Female,25,9,0.0,1,1,1,11762.54,1
390,15600389,Fowler,587,Germany,Male,40,7,73361.53,3,1,1,115354.25,1
391,15600390,Jackson,811,Spain,Female,50,0,69970.96,1,1,1,7868.1,0
392,15600391,King,632,France,Female,33,3,73352.04,3,1,0,143123.77,1
393,15600392,Evans,607,Spain,Male,56,10,0.0,1,0,0,147627.51,1
394,15600393,Walker,755,Spain,Male,31,0,0.0,1,1,0,113019.34,1
395,15600394,Davies,581,France,Female,36,1,0.0,1,1,1,34462.23,0
396,15600395,Turner,593,France,Female,27,3,0.0,2,0,0,175268.57,1
397,15600396,Taylor,651,Germany,Male,50,10,73493.18,4,1,0,119588.33,0
398,15600397,Johnson,650,France,Male,62,7,0.0,1,1,1,103463.5,0
399,15600398,White,675,France,Male,20,1,93439.34,1,1,1,113950.76,0
400,15600399,Smith,850,France,Female,35,4,73777.74,1,1,0,17494.53,0
401,15600400,Fowler,682,France,Female,53,10,64643.68,1,1,0,148346.97,1
402,15600401,Jackson,422,Germany,Female,23,2,0.0,2,1,0,13094.34,0
403,15600402,Wilson,681,Germany,Female,45,6,127552.21,1,1,0,116099.24,0
404,15600403,Walker,654,France,Female,52,5,22182.19,3,1,0,34682.16,1
405,15600404,Johnson,654,Germany,Female,40,8,93479.86,3,1,0,42332.69,1
406,15600405,Doyle,674,Germany,Male,45,8,0.0,1,1,0,47417.6,0
407,15600406,Walker,647,France,Female,58,9,68620.04,2,1,1,3846.82,1
408,15600407,Fowler,645,Germany,Male,60,1,0.0,4,0,1,178475.93,1
409,15600408,Wilson,709,France,Male,38,4,119239.0,2,0,0,161042.82,0
410,15600409,Harris,598,Germany,Female,33,7,152152.2,2,1,1,7226.0,0
411,15600410,Davies,559,Spain,Female,29,4,0.0,1,0,0,12340.23,0
412,15600411,Fowler,850,Spain,Female,50,7,111787.9,1,1,1,156792.49,0
413,15600412,King,581,France,Male,24,6,0.0,2,1,1,2353.85,0
414,15600413,Wood,660,Germany,Male,36,4,72536.13,1,1,1,94330.78,0
415,15600414,Turner,506,France,Male,40,1,77630.01,2,1,1,22352.15,0
416,15600415,Green,661,France,Male,33,10,157301.57,2,1,0,118734.81,0
417,15600416,Thomas,560,France,Male,42,9,0.0,1,1,0,199669.74,0
418,15600417,Roberts,608,Germany,Male,67,9,0.0,1,1,1,35232.28,0
419,15600418,Fowler,750,France,Male,38,3,102416.65,1,1,0,191380.09,0
420,15600419,Davies,695,Germany,Female,34,3,153672.13,2,0,1,173230.23,0
421,15600420,Evans,705,Spain,Male,50,3,0.0,1,0,0,197185.14,0
422,15600421,Taylor,480,France,Male,42,0,135528.28,1,1,0,153471.54,0
423,15600422,Martin,826,France,Female,55,1,0.0,3,0,1,171541.86,0
424,15600423,Baker,536,France,Male,41,3,1228.93,2,1,1,119324.93,0
425,15600424,Thomas,797,Spain,Female,36,10,0.0,2,1,1,173589.53,0
426,15600425,White,748,Germany,Female,19,2,0.0,2,1,1,23190.94,0
427,15600426,Smith,705,France,Male,21,5,127051.68,1,1,1,148589.21,0
428,15600427,Baker,568,Germany,Female,19,6,0.0,4,0,0,126115.99,0
429,15600428,Jackson,665,France,Female,43,3,52745.1,2,1,1,12909.45,0
430,15600429,Clarke,605,Germany,Female,24,10,59004.88,1,1,0,59026.48,1
431,15600430,Hall,653,Germany,Female,53,1,83342.38,1,0,0,44005.25,1
432,15600431,Harris,626,Germany,Female,39,9,169403.46,1,0,1,81629.91,0
433,15600432,Roberts,454,Spain,Female,36,8,183160.55,2,1,0,40472.31,0
434,15600433,Turner,758,Germany,Male,30,3,133659.47,2,0,0,55691.1,0
435,15600434,Wood,642,France,Female,46,8,108206.08,2,1,0,59910.0,1
436,15600435,Evans,603,France,Female,30,4,0.0,3,1,1,120362.37,0
437,15600436,Smith,596,France,Female,28,10,75928.66,1,0,1,27839.88,0
438,15600437,King,684,Spain,Female,52,0,0.0,2,0,0,48979.15,1
439,15600438,Johnson,564,Spain,Male,43,0,82903.78,2,0,1,64112.46,0
440,15600439,Johnson,434,Spain,Female,36,5,36170.71,2,1,0,90364.52,0
441,15600440,Fowler,689,Germany,Female,46,10,80374.48,1,1,1,8579.64,0
442,15600441,Hill,700,France,Male,39,0,28542.56,2,0,1,199843.08,0
443,15600442,Smith,631,Spain,Male,43,8,146375.43,2,1,0,60778.01,1
444,15600443,Thomas,540,France,Male,30,10,0.0,1,1,1,58181.63,0
445,15600444,Brown,659,France,Male,62,5,168625.93,2,1,1,111419.25,0
446,15600445,Evans,509,Spain,Female,33,9,389.45,1,0,0,170952.4,0
447,15600446,Evans,551,Germany,Male,56,8,194593.33,1,0,0,91905.06,1
448,15600447,Evans,578,Spain,Male,37,2,0.0,2,1,1,50519.0,0
449,15600448,Johnson,731,France,Female,48,9,24093.06,1,1,0,113609.23,0
450,15600449,Roberts,615,Spain,Female,47,7,0.0,2,1,0,97105.57,0
451,15600450,Taylor,607,France,Female,52,0,161924.64,2,0,1,85191.89,0
452,15600451,Roberts,838,Germany,Female,30,6,0.0,1,0,0,196792.71,0
453,15600452,Johnson,684,Spain,Female,51,7,0.0,1,1,0,199194.1,0
454,15600453,Martin,683,France,Female,59,8,0.0,1,0,0,112826.82,0
455,15600454,Clarke,615,France,Female,36,8,14323.57,1,1,0,14532.78,0
456,15600455,Wilson,593,France,Male,39,5,152294.5,2,1,1,113816.6,0
457,15600456,Wilson,440,Germany,Female,33,3,133925.16,1,0,1,190541.96,0
458,15600457,Taylor,743,France,Male,35,2,164384.77,3,1,0,185212.81,0
459,15600458,Turner,693,Germany,Male,58,0,111825.0,1,0,1,43884.67,0
460,15600459,Jackson,633,Spain,Male,28,7,0.0,1,1,0,38833.78,0
461,15600460,Thomas,637,Spain,Female,29,10,0.0,3,0,0,31298.92,1
462,15600461,Wood,721,France,Female,57,0,115567.92,1,1,1,164137.09,1
463,15600462,Johnson,501,Germany,Male,46,7,69665.56,2,1,0,98520.96,0
464,15600463,Harris,593,France,Female,62,6,59263.69,2,0,1,68271.27,1
465,15600464,Hall,541,Spain,Male,34,1,0.0,2,1,0,65636.63,0
466,15600465,Taylor,820,Spain,Female,40,2,142117.43,1,1,1,55807.24,0
467,15600466,Jackson,734,Spain,Female,32,3,0.0,1,1,1,176641.34,1
468,15600467,Fowler,439,Germany,Female,41,7,117565.52,4,0,0,82526.3,1
469,15600468,Thomas,505,France,Female,19,3,0.0,1,0,1,49559.53,0
470,15600469,Baker,637,Spain,Male,47,9,99695.83,2,1,0,142370.56,0
471,15600470,White,605,France,Male,43,4,16422.93,2,1,0,127455.46,0
472,15600471,Johnson,523,France,Female,38,1,82859.46,2,1,0,143357.75,1
473,15600472,Hall,837,France,Female,35,1,0.0,2,1,1,164569.27,0
474,15600473,Jackson,680,France,Male,29,4,3753.61,4,1,1,21145.51,0
475,15600474,Roberts,696,France,Male,47,4,0.0,1,0,1,1395.76,0
476,15600475,Taylor,584,France,Male,26,8,220631.5,2,1,1,11062.68,0
477,15600476,Jackson,719,France,Male,45,5,0.0,2,1,0,141651.86,0
478,15600477,Evans,613,Spain,Male,62,1,0.0,1,1,1,186964.81,0
479,15600478,Baker,623,Spain,Male,55,2,101922.61,2,1,1,66889.97,0
480,15600479,Martin,709,France,Female,22,6,0.0,1,1,1,156457.64,0
481,15600480,King,494,France,Male,33,3,0.0,1,1,1,146107.72,0
482,15600481,Evans,803,France,Male,44,7,128617.8,2,1,1,195634.25,0
483,15600482,Jackson,668,Spain,Male,38,10,71431.79,3,0,0,94687.82,0
484,15600483,Walker,773,France,Male,24,3,61915.81,1,1,1,34048.52,0
485,15600484,White,547,France,Female,43,6,0.0,2,1,1,153281.05,0
486,15600485,White,561,France,Male,39,9,53794.08,1,1,1,163944.95,0
487,15600486,White,538,France,Female,60,2,129834.81,1,1,0,141752.72,1
488,15600487,Fowler,674,France,Female,36,5,0.0,1,0,0,172773.15,0
489,15600488,Evans,656,Spain,Male,52,3,138949.29,2,1,1,74865.33,0
490,15600489,Brown,605,Spain,Female,25,6,0.0,1,1,1,138372.69,0
491,15600490,King,553,Spain,Female,28,8,78190.35,1,0,1,53505.88,0
492,15600491,Roberts,528,Spain,Male,47,1,0.0,2,1,1,89841.59,0
493,15600492,Hall,645,Spain,Male,51,2,36111.62,1,1,1,49255.94,0
494,15600493,Evans,605,France,Female,28,0,155925.83,1,0,1,31752.2,0
495,15600494,Hill,584,Germany,Female,39,0,0.0,1,1,0,8154.7,1
496,15600495,Hall,799,Spain,Male,24,0,0.0,2,0,0,134613.43,0
497,15600496,Hall,642,France,Female,37,7,41625.74,2,1,1,175179.34,0
498,15600497,Davies,772,Spain,Male,48,9,88402.0,2,1,0,63569.47,1
499,15600498,Wood,599,France,Female,34,4,14531.64,1,1,0,86417.84,0
500,15600499,Davies,673,Spain,Male,36,9,0.0,1,0,1,1705.84,0
501,15600500,Wood,645,Spain,Male,27,8,110385.25,2,1,0,83158.1,0
502,15600501,Wilson,487,Germany,Female,32,8,107633.81,1,1,1,56983.1,0
503,15600502,White,787,Germany,Female,58,8,0.0,1,1,0,115265.81,1
504,15600503,King,637,Spain,Female,40,2,71187.2,1,1,1,181794.92,0
505,15600504,Thomas,722,Spain,Male,28,5,119545.68,1,0,0,101724.36,1
506,15600505,Fowler,578,Germany,Male,36,5,78370.93,1,1,1,135431.0,0
507,15600506,Jackson,634,France,Female,21,7,74198.2,3,0,1,141391.09,1
508,15600507,Baker,567,Germany,Female,28,8,194690.72,1,1,0,31333.95,1
509,15600508,Clarke,769,France,Male,54,1,37695.6,2,1,0,69967.55,0
510,15600509,Wilson,680,France,Female,37,7,149423.02,1,1,0,23515.96,0
511,15600510,Green,685,France,Male,60,9,26492.56,2,1,0,88708.57,0
512,15600511,Wilson,780,Germany,Male,38,1,0.0,2,1,0,177569.85,0
513,15600512,White,761,France,Male,39,4,0.0,3,1,0,96705.94,0
514,15600513,Clarke,723,France,Male,46,9,61929.92,1,1,1,91774.44,0
515,15600514,Wood,514,France,Male,18,0,0.0,2,0,0,42655.39,0
516,15600515,Davies,583,France,Female,41,1,0.0,1,1,0,62733.24,1
517,15600516,Doyle,554,France,Male,38,8,56168.76,2,1,0,187383.31,0
518,15600517,Hall,720,Spain,Male,55,1,118942.03,3,1,0,61296.07,0
519,15600518,Wilson,666,France,Male,50,7,0.0,2,0,1,146545.93,0
520,15600519,King,517,Germany,Male,27,9,95332.17,2,1,1,9386.19,0
521,15600520,Johnson,632,Germany,Male,53,5,8796.36,2,1,1,26534.48,0
522,15600521,Martin,507,France,Female,36,5,77136.15,3,0,1,62984.11,0
523,15600522,White,645,France,Male,29,4,26912.59,1,1,0,180382.75,0
524,15600523,Roberts,491,Spain,Female,41,4,85711.07,1,1,0,44639.04,1
525,15600524,Turner,701,France,Female,37,4,0.0,2,0,1,145622.18,0
526,15600525,Clarke,686,France,Male,56,6,24529.86,4,0,0,34337.37,0
527,15600526,Johnson,833,Germany,Female,43,9,53761.96,1,1,1,122955.57,0
528,15600527,Davies,731,Germany,Female,41,10,38621.37,1,0,1,117778.82,1
529,15600528,Martin,609,Germany,Female,49,9,17734.14,2,1,1,124767.63,1
530,15600529,White,729,France,Female,51,1,149551.02,1,1,1,57969.03,0
531,15600530,Walker,516,Spain,Female,48,3,0.0,1,1,1,33258.5,0
532,15600531,Doyle,558,Spain,Female,55,8,0.0,1,1,0,177410.66,0
533,15600532,Baker,682,France,Female,46,6,55719.56,1,0,0,114319.34,0
534,15600533,Johnson,443,Spain,Male,41,3,0.0,2,1,1,43196.59,0
535,15600534,Baker,646,France,Female,53,3,48125.28,1,0,1,83252.48,1
536,15600535,Roberts,552,France,Female,38,1,172375.91,1,0,0,14351.21,0
537,15600536,Harris,660,Spain,Female,39,3,42883.59,2,1,0,95599.85,0
538,15600537,Smith,547,France,Male,58,4,0.0,1,1,0,85354.26,0
539,15600538,Wilson,691,France,Male,57,4,147015.12,1,0,1,27412.52,0
540,15600539,Clarke,652,Germany,Male,39,6,0.0,1,1,0,89430.09,0
541,15600540,Walker,784,Germany,Male,34,3,14402.83,1,0,0,128266.94,1
542,15600541,Hill,651,Spain,Male,55,2,0.0,2,0,0,185769.6,0
543,15600542,Hall,576,Germany,Male,48,9,154353.9,1,1,1,140933.85,0
544,15600543,Fowler,626,Germany,Male,42,4,45746.37,1,1,1,100984.62,0
545,15600544,Baker,521,France,Male,35,2,143662.21,1,1,1,154240.17,0
546,15600545,Jackson,689,France,Male,43,6,66334.34,1,1,1,56707.12,0
547,15600546,Clarke,707,France,Female,39,5,0.0,1,1,0,134087.54,0
548,15600547,Roberts,850,France,Male,32,6,13764.1,1,0,1,2007.37,0
549,15600548,Hall,590,Germany,Male,40,2,56545.28,1,1,1,15437.67,0
550,15600549,Baker,624,France,Male,42,7,41858.15,1,0,0,125228.86,0
551,15600550,Fowler,595,France,Male,35,2,0.0,2,1,1,39317.37,0
552,15600551,Smith,670,France,Male,49,9,95125.87,1,1,1,138057.19,0
553,15600552,Jackson,687,France,Female,53,4,115445.74,1,1,0,127713.9,0
554,15600553,Hill,645,Germany,Female,50,4,63021.26,2,1,0,13669.68,0
555,15600554,Smith,754,France,Male,36,4,38837.35,1,1,1,79106.84,0
556,15600555,Fowler,591,France,Female,47,4,0.0,2,0,0,122987.44,0
557,15600556,Johnson,745,France,Male,40,7,33372.61,1,1,1,142982.84,0
558,15600557,Evans,702,France,Male,25,5,149313.24,1,1,0,163400.75,0
559,15600558,Wood,649,Spain,Male,46,1,83701.27,3,1,1,66758.14,1
560,15600559,Hill,620,France,Male,41,6,72062.57,1,0,1,167506.49,0
561,15600560,Turner,850,France,Female,68,2,0.0,1,1,1,71496.63,0
562,15600561,White,572,France,Female,55,1,85799.95,2,1,0,2390.38,0
563,15600562,Wood,679,Germany,Female,47,9,0.0,3,1,1,122391.17,0
564,15600563,Johnson,578,Spain,Male,42,3,31621.36,1,1,1,49092.05,0
565,15600564,Roberts,821,Spain,Female,41,6,148173.98,2,1,1,25751.88,0
566,15600565,Baker,735,Spain,Male,28,1,94613.64,1,1,1,52413.2,0
567,15600566,Smith,585,Germany,Male,20,3,0.0,2,0,1,165754.89,0
568,15600567,Roberts,699,France,Male,29,4,109366.16,1,1,1,182886.26,0
569,15600568,Green,675,France,Female,38,1,0.0,2,1,0,192377.63,0
570,15600569,Jackson,600,Spain,Female,18,10,41902.5,1,1,0,61263.24,0
571,15600570,Baker,723,France,Male,33,3,27032.0,2,1,1,91729.81,0
572,15600571,Walker,687,Germany,Female,36,6,144996.12,1,0,0,160702.69,1
573,15600572,Johnson,671,France,Female,37,6,0.0,2,1,1,64262.64,0
574,15600573,Hill,646,Germany,Female,32,4,0.0,2,1,0,77643.49,0
575,15600574,Brown,691,Germany,Male,35,6,96606.97,2,1,0,48217.62,1
576,15600575,Wilson,672,Spain,Female,58,6,176809.97,4,0,1,114901.1,1
577,15600576,King,656,Germany,Female,46,0,120462.2,1,1,0,132194.07,0
578,15600577,Roberts,588,Spain,Female,33,7,43468.65,2,1,1,64369.45,0
579,15600578,Clarke,813,Germany,Male,38,1,174114.44,1,1,1,5821.87,0
580,15600579,Green,549,France,Female,39,4,0.0,3,1,0,147445.65,0
581,15600580,Baker,691,France,Male,31,4,104593.49,2,1,0,123702.86,0
582,15600581,Taylor,619,Spain,Female,31,4,0.0,1,1,0,44580.76,0
583,15600582,Jackson,819,France,Male,50,0,0.0,1,0,1,63614.89,0
584,15600583,Brown,563,France,Male,34,7,0.0,2,1,0,191465.6,1
585,15600584,Smith,579,Germany,Male,27,4,61736.04,2,1,1,126410.51,0
586,15600585,Turner,557,Spain,Male,39,0,128232.83,2,1,1,119500.07,0
587,15600586,Fowler,681,France,Male,40,0,0.0,2,1,0,128298.46,1
588,15600587,Brown,518,France,Male,18,5,0.0,1,1,1,190934.46,0
589,15600588,Davies,604,France,Male,39,7,67334.13,3,0,0,68631.96,1
590,15600589,Walker,443,France,Male,49,6,0.0,2,1,1,56902.28,0
591,15600590,White,673,Germany,Female,44,7,87581.06,2,1,0,75971.75,0
592,15600591,Wilson,602,France,Female,64,8,0.0,2,1,1,160388.87,0
593,15600592,Thomas,507,France,Female,53,9,117918.7,2,1,0,25070.82,1
594,15600593,Taylor,754,Spain,Male,55,10,82987.03,2,1,1,42158.11,0
595,15600594,King,524,France,Male,70,9,133321.81,2,0,0,46420.86,0
596,15600595,Evans,727,France,Female,47,8,133673.22,2,0,1,127639.1,0
597,15600596,White,583,Spain,Male,41,4,0.0,2,1,1,128675.02,0
598,15600597,Hall,804,Spain,Male,50,5,0.0,1,1,1,75005.39,0
599,15600598,Baker,722,Germany,Female,33,6,0.0,1,1,1,55962.26,0
600,15600599,Hall,553,Spain,Female,40,1,0.0,2,1,0,151175.73,0
601,15600600,Turner,562,France,Male,32,7,20922.98,2,0,0,7313.59,0
602,15600601,Jackson,708,Germany,Female,43,6,0.0,2,1,0,148008.8,0
603,15600602,Johnson,625,Germany,Male,32,5,0.0,2,1,1,42844.52,0
604,15600603,Walker,634,Spain,Female,31,9,0.0,1,1,0,180652.63,1
605,15600604,White,772,Germany,Male,44,7,0.0,1,1,0,83324.96,0
606,15600605,Johnson,578,Germany,Male,37,10,58709.81,2,0,1,128817.08,0
607,15600606,Doyle,659,Germany,Female,18,10,204290.83,3,0,0,25072.89,0
608,15600607,White,742,France,Male,23,9,42519.75,1,0,1,51523.0,0
609,15600608,Wilson,728,Spain,Female,26,3,46315.85,1,1,0,140421.11,0
610,15600609,Smith,635,France,Male,29,2,35132.97,1,0,0,110520.73,0
611,15600610,Doyle,622,Spain,Female,44,3,156813.15,1,0,1,154325.0,0
612,15600611,Taylor,483,Spain,Female,41,7,76639.64,2,1,1,113117.07,0
613,15600612,Martin,549,Germany,Male,51,9,0.0,1,1,1,114296.9,1
614,15600613,Evans,681,Germany,Female,47,9,167741.07,1,1,0,171793.54,1
615,15600614,Baker,637,France,Male,51,7,0.0,2,1,0,85513.29,0
616,15600615,Clarke,657,Spain,Male,46,7,0.0,2,0,0,179113.9,0
617,15600616,Brown,750,Spain,Male,41,10,22702.88,2,0,0,75070.83,0
618,15600617,Walker,536,France,Female,51,7,0.0,1,1,1,66390.25,0
619,15600618,Baker,627,France,Female,49,1,90923.35,1,1,0,156104.83,0
620,15600619,King,668,France,Female,43,5,4801.48,1,1,1,3297.73,0
621,15600620,Hill,582,Germany,Female,53,3,0.0,3,1,1,35266.23,0
622,15600621,Taylor,787,France,Female,18,7,28617.87,1,0,0,15281.38,0
623,15600622,Clarke,737,Germany,Male,36,6,21828.35,2,1,1,102908.91,0
624,15600623,Turner,678,France,Female,36,3,0.0,2,0,0,125986.13,0
625,15600624,King,822,Germany,Female,52,3,0.0,2,1,1,3064.81,0
626,15600625,Brown,506,France,Male,56,0,0.0,1,1,0,33131.25,1
627,15600626,King,649,Germany,Female,23,3,64552.53,1,0,1,61205.73,1
628,15600627,Clarke,685,France,Male,55,9,183110.05,2,1,0,59551.04,0
629,15600628,Thomas,562,Spain,Male,26,7,0.0,1,1,0,20329.41,0
630,15600629,Davies,679,Germany,Male,26,10,80783.38,2,1,0,35396.64,0
631,15600630,Harris,544,Germany,Male,36,10,118009.05,1,0,0,169563.3,0
632,15600631,Martin,716,Germany,Male,35,9,0.0,4,1,1,140415.65,0
633,15600632,King,752,France,Female,22,1,0.0,2,1,0,59922.78,0
634,15600633,Thomas,676,France,Female,46,3,105433.82,1,0,1,53418.09,0
635,15600634,Brown,472,France,Male,46,0,0.0,2,1,1,16959.64,0
636,15600635,Martin,557,France,Male,51,1,0.0,2,0,0,70432.28,0
637,15600636,Taylor,704,Spain,Male,34,2,140111.92,2,1,0,80215.83,0
638,15600637,White,652,Spain,Male,39,3,30505.29,1,1,0,180932.15,0
639,15600638,Roberts,391,Germany,Female,39,0,110362.22,1,1,1,148880.03,0
640,15600639,Hall,769,Germany,Male,58,9,46454.48,2,1,0,96351.6,0
641,15600640,Smith,663,Spain,Female,18,5,114543.79,1,1,1,27836.6,0
642,15600641,Smith,571,Germany,Female,28,7,14364.69,2,1,0,131576.17,0
643,15600642,Wood,746,France,Female,39,7,29072.13,1,1,0,187266.45,0
644,15600643,Brown,585,France,Female,27,10,108914.92,2,0,0,16530.93,0
645,15600644,Jackson,584,Spain,Male,36,1,144871.8,1,1,1,169872.95,0
646,15600645,Turner,684,Germany,Female,38,3,117645.44,2,1,1,36842.8,1
647,15600646,Johnson,821,France,Female,32,3,136976.45,1,0,1,140554.91,0
648,15600647,Baker,806,Spain,Female,40,6,0.0,1,1,0,37587.35,0
649,15600648,Doyle,685,Spain,Female,46,5,99487.29,1,0,0,120402.7,1
650,15600649,Walker,694,France,Female,36,8,62296.87,2,1,1,48287.29,0
651,15600650,Martin,726,France,Female,34,6,0.0,1,1,1,108797.91,0
652,15600651,Doyle,529,Germany,Male,37,2,0.0,2,1,1,120431.42,0
653,15600652,Wood,712,Spain,Female,39,6,86528.64,1,1,0,124085.54,0
654,15600653,Hill,580,France,Female,20,10,83569.07,2,1,1,136876.98,0
655,15600654,Hill,681,Germany,Male,44,6,177527.32,2,1,0,14736.89,1
656,15600655,Doyle,628,France,Female,34,6,88876.8,1,1,1,140974.09,0
657,15600656,Roberts,698,Germany,Male,53,1,0.0,1,1,0,31764.95,1
658,15600657,Brown,661,France,Female,46,0,0.0,1,0,1,135729.46,0
659,15600658,Smith,355,Spain,Male,52,2,84620.66,2,0,0,25683.49,0
660,15600659,Martin,667,France,Male,28,0,0.0,3,0,1,96403.53,0
661,15600660,Doyle,712,France,Female,35,4,110788.11,1,1,1,77966.92,0
662,15600661,Hill,693,Germany,Male,25,9,0.0,2,1,1,193501.92,1
663,15600662,Hill,640,France,Male,31,4,191323.74,2,1,0,126531.02,0
664,15600663,King,808,France,Male,53,7,133364.67,2,1,0,18552.98,0
665,15600664,Thomas,680,France,Male,55,9,0.0,2,0,1,140476.41,0
666,15600665,Turner,692,Spain,Female,26,8,130098.31,3,1,1,39633.54,0
667,15600666,Harris,750,Germany,Female,34,7,106932.62,2,1,1,57943.92,0
668,15600667,Brown,685,Germany,Male,38,8,0.0,2,1,0,76310.17,0
669,15600668,White,564,France,Female,45,3,61155.02,1,0,0,155468.86,1
670,15600669,Evans,416,France,Male,20,4,100377.19,2,1,0,188872.11,0
671,15600670,Green,604,France,Female,21,4,84549.85,4,1,1,184942.7,1
672,15600671,Roberts,723,Spain,Male,44,8,93216.37,3,1,0,34966.04,0
673,15600672,White,616,Germany,Male,18,4,41314.06,1,1,0,13022.28,1
674,15600673,Doyle,727,Spain,Male,34,10,0.0,2,1,1,165878.07,0
675,15600674,Johnson,664,Spain,Female,41,2,0.0,1,1,1,58355.43,0
676,15600675,Clarke,774,France,Male,44,1,160687.3,2,1,1,116982.39,0
677,15600676,Baker,622,Germany,Male,37,7,89448.58,1,1,0,195746.87,1
678,15600677,Green,695,France,Female,35,8,67348.83,2,1,0,38097.98,1
679,15600678,Hill,699,France,Female,48,7,0.0,1,1,1,75596.32,0
680,15600679,Hill,794,France,Male,42,3,46318.76,1,0,0,173652.19,0
681,15600680,Green,486,France,Female,32,0,149674.15,1,1,1,130346.13,1
682,15600681,King,606,France,Female,39,3,0.0,1,1,0,187573.05,0
683,15600682,Hall,731,France,Male,43,5,159150.34,1,1,1,126712.14,0
684,15600683,Taylor,798,France,Female,58,4,110714.26,2,1,0,61410.42,1
685,15600684,Hall,673,Spain,Male,48,10,0.0,2,0,1,161216.61,0
686,15600685,Walker,622,France,Female,52,9,96005.32,2,1,1,152093.49,0
687,15600686,Thomas,723,France,Male,32,8,0.0,2,0,0,186790.17,0
688,15600687,Turner,733,Germany,Female,33,0,59192.21,1,1,0,95757.22,0
689,15600688,Wood,615,Germany,Male,36,1,0.0,2,1,1,101065.02,0
690,15600689,Hill,682,Spain,Male,37,4,0.0,2,1,1,65440.8,0
691,15600690,Doyle,763,France,Female,28,6,0.0,1,1,0,54482.91,0
692,15600691,Johnson,831,Germany,Male,53,7,0.0,2,1,0,199309.04,0
693,15600692,Davies,721,France,Female,49,3,0.0,2,1,1,195473.85,0
694,15600693,Smith,654,France,Female,36,1,29824.33,2,0,1,106399.65,0
695,15600694,Turner,645,Germany,Female,46,3,0.0,2,1,1,191062.03,0
696,15600695,Taylor,704,Spain,Male,41,8,0.0,1,1,0,71874.93,0
697,15600696,Fowler,639,Spain,Female,47,10,0.0,2,1,1,170148.87,1
698,15600697,Evans,668,Spain,Male,24,10,145521.68,1,0,0,127338.76,1
699,15600698,Clarke,548,Spain,Male,37,6,0.0,2,1,0,143696.16,0
700,15600699,Jackson,775,France,Female,38,1,156913.85,1,1,1,143922.38,0
701,15600700,Turner,541,France,Female,46,10,120630.39,1,1,0,127529.9,0
702,15600701,Wilson,609,France,Male,32,1,108097.3,1,0,1,170613.27,0
703,15600702,Roberts,659,France,Male,18,2,0.0,1,1,0,79010.64,0
704,15600703,Green,841,Germany,Female,27,10,130480.85,1,1,0,169988.6,0
705,15600704,Fowler,609,France,Female,38,5,49212.11,1,1,1,37499.62,0
706,15600705,Fowler,586,Spain,Male,40,2,0.0,2,1,0,40791.92,0
707,15600706,Harris,597,Germany,Female,58,5,170223.93,3,1,1,143751.3,0
708,15600707,Davies,809,Germany,Male,45,0,78649.52,1,0,1,150275.85,1
709,15600708,Jackson,380,France,Male,40,3,0.0,2,1,0,180557.91,0
710,15600709,Baker,554,France,Female,39,10,116210.05,2,1,1,55661.9,0
711,15600710,Smith,850,Germany,Female,51,3,54268.83,1,1,1,12157.82,0
712,15600711,White,707,Spain,Male,33,9,0.0,2,1,1,101986.87,0
713,15600712,Smith,544,Germany,Male,37,5,153124.55,1,1,0,175192.75,1
714,15600713,Clarke,646,Germany,Male,27,7,0.0,1,1,1,194321.7,0
715,15600714,Walker,656,Germany,Female,55,7,0.0,1,1,1,171707.43,0
716,15600715,Taylor,731,France,Male,43,6,0.0,1,0,1,98501.33,0
717,15600716,Thomas,827,Spain,Male,31,0,160221.51,2,1,0,172813.06,0
718,15600717,Thomas,687,France,Female,38,10,136924.69,2,0,0,43580.21,0
719,15600718,Fowler,598,Spain,Male,45,5,76759.33,1,1,1,184312.76,0
720,15600719,Martin,726,Germany,Female,36,7,25105.64,3,1,1,113802.35,0
721,15600720,Fowler,583,Spain,Male,33,6,70918.86,1,0,1,78483.35,0
722,15600721,King,551,France,Female,32,7,121358.4,1,1,1,116746.6,0
723,15600722,Doyle,481,France,Male,43,3,100374.96,2,0,0,157017.63,0
724,15600723,Clarke,500,Germany,Male,35,9,0.0,2,1,1,48784.18,0
725,15600724,Clarke,564,France,Male,34,2,101643.43,2,1,0,21274.08,0
726,15600725,Evans,537,France,Female,24,7,131733.79,1,1,0,146890.9,0
727,15600726,Roberts,680,France,Female,40,6,87697.74,1,1,0,190541.32,0
728,15600727,Johnson,535,France,Male,37,5,114750.74,1,1,1,127758.64,0
729,15600728,King,350,France,Male,35,0,35719.44,2,1,0,29374.11,0
730,15600729,Hill,550,Spain,Female,41,4,0.0,1,1,1,129033.69,0
731,15600730,Wood,605,France,Male,47,0,74387.74,2,0,0,24209.79,0
732,15600731,Fowler,592,France,Male,47,5,101197.62,1,1,0,61401.43,0
733,15600732,Clarke,796,France,Female,45,7,121155.6,1,0,1,7287.94,0
734,15600733,Wilson,591,France,Male,36,5,0.0,1,1,0,98012.82,0
735,15600734,Thomas,735,France,Male,33,8,0.0,2,1,0,64949.48,0
736,15600735,Fowler,648,Spain,Male,28,3,89762.14,2,1,0,20406.86,0
737,15600736,Smith,646,France,Male,32,3,39727.9,4,1,1,62496.43,0
738,15600737,Evans,570,France,Male,39,4,114122.42,2,0,1,129866.45,0
739,15600738,Clarke,644,France,Female,30,2,0.0,2,1,1,58527.23,0
740,15600739,Hall,577,France,Female,40,8,0.0,1,0,0,29471.35,0
741,15600740,Brown,666,France,Male,28,8,0.0,3,1,0,109414.7,1
742,15600741,Hall,627,France,Female,21,4,125151.73,2,1,0,150892.23,0
743,15600742,Smith,559,Germany,Male,48,8,0.0,2,1,1,166198.13,0
744,15600743,Green,745,France,Female,34,0,46410.92,1,1,0,94947.33,1
745,15600744,Roberts,691,Spain,Male,30,1,166413.98,1,1,0,142503.41,0
746,15600745,Smith,607,France,Female,27,3,250000.0,2,1,1,166832.22,0
747,15600746,Doyle,664,France,Male,44,4,155708.09,1,0,1,134904.96,0
748,15600747,Roberts,642,France,Male,54,2,0.0,1,0,0,105927.01,0
749,15600748,Hall,567,Germany,Male,35,5,0.0,1,0,1,12927.93,0
750,15600749,Turner,657,Germany,Male,37,8,43387.65,2,1,0,58716.84,0
751,15600750,Thomas,590,France,Male,51,5,144734.57,1,0,1,64643.22,1
752,15600751,Evans,559,France,Female,19,4,0.0,2,1,1,79607.24,0
753,15600752,Thomas,494,France,Female,61,0,0.0,2,1,1,190227.65,0
754,15600753,Martin,616,France,Male,66,3,0.0,2,1,0,42566.19,0
755,15600754,Taylor,704,Spain,Female,18,8,143664.75,1,1,1,108769.43,0
756,15600755,Davies,583,France,Female,38,8,86842.23,3,0,0,198252.4,0
757,15600756,Wilson,850,France,Female,31,1,95547.2,1,1,1,124140.12,0
758,15600757,Hall,735,Germany,Female,36,0,89152.78,1,0,1,42573.23,0
759,15600758,Jackson,775,France,Female,34,9,0.0,1,1,1,192078.0,0
760,15600759,Thomas,726,France,Male,48,1,53109.8,1,1,1,67922.24,1
761,15600760,Brown,828,Spain,Female,38,6,0.0,2,1,1,10526.27,0
762,15600761,Jackson,574,France,Female,29,9,12710.07,1,1,1,86840.99,0
763,15600762,Brown,404,France,Male,37,8,0.0,2,0,0,48890.48,0
764,15600763,King,607,France,Male,45,6,30528.14,1,1,1,163953.89,0
765,15600764,Hall,704,Germany,Male,26,4,0.0,4,1,0,44771.21,1
766,15600765,Evans,665,France,Female,21,8,126353.41,2,0,0,164150.95,1
767,15600766,Smith,676,France,Male,61,7,0.0,1,1,1,8198.03,0
768,15600767,White,777,France,Female,32,9,73685.25,2,0,0,185902.31,0
769,15600768,Hall,687,France,Female,37,5,0.0,1,0,1,9396.51,0
770,15600769,King,727,Spain,Female,35,10,36058.04,3,1,0,187769.43,0
771,15600770,Jackson,560,France,Male,45,8,113465.08,2,0,0,15664.56,0
772,15600771,White,545,Spain,Female,59,0,0.0,2,1,1,174644.14,0
773,15600772,Hill,805,Spain,Female,45,3,0.0,1,0,1,166435.08,0
774,15600773,Fowler,660,Germany,Male,22,8,106250.68,4,1,1,119290.34,0
775,15600774,Wood,590,France,Female,24,1,66278.75,2,1,1,8161.23,0
776,15600775,Fowler,590,Germany,Male,35,7,93672.03,2,1,0,124607.42,1
777,15600776,King,588,Spain,Female,36,3,0.0,1,1,0,123951.44,0
778,15600777,King,582,France,Male,20,2,84956.76,1,1,1,111882.3,0
779,15600778,Hall,527,Germany,Male,48,5,0.0,2,1,1,126673.59,0
780,15600779,Clarke,506,Germany,Male,27,10,0.0,2,0,1,193653.37,0
781,15600780,Evans,631,France,Male,55,9,148653.85,2,1,0,199105.94,0
782,15600781,Baker,593,Germany,Male,59,4,0.0,2,1,0,104578.67,0
783,15600782,Fowler,756,France,Female,36,0,0.0,2,0,0,19268.32,0
784,15600783,Taylor,678,Spain,Male,44,9,77620.29,1,1,1,27659.84,0
785,15600784,Jackson,675,Germany,Male,25,9,26391.47,2,1,0,144349.82,0
786,15600785,White,579,France,Female,46,6,0.0,1,0,1,196410.75,0
787,15600786,Smith,638,Germany,Female,34,6,0.0,2,1,0,87774.99,1
788,15600787,Harris,685,France,Male,27,5,70397.87,1,1,1,20509.71,0
789,15600788,Thomas,719,Germany,Female,36,0,10732.17,2,1,0,71255.87,1
790,15600789,Martin,641,Spain,Male,34,1,99733.78,2,0,1,77617.05,0
791,15600790,Brown,754,France,Female,35,1,0.0,2,1,1,199322.47,0
792,15600791,Jackson,651,France,Male,49,10,136316.39,1,1,0,137630.09,0
793,15600792,Doyle,726,France,Female,30,0,83032.29,2,0,0,24455.35,0
794,15600793,Walker,603,France,Female,58,6,0.0,1,1,0,68078.27,0
795,15600794,Jackson,476,France,Female,24,3,129363.63,1,0,1,10663.18,0
796,15600795,Jackson,676,France,Female,57,0,98051.57,2,0,1,130959.04,0
797,15600796,Taylor,720,France,Female,28,10,113339.31,2,0,0,134875.11,0
798,15600797,Hall,705,France,Male,39,0,196485.65,1,0,1,12441.85,0
799,15600798,Baker,691,Spain,Female,34,9,0.0,3,0,0,67768.47,0
800,15600799,Wilson,617,Spain,Female,35,8,0.0,1,1,1,180664.84,0
801,15600800,Roberts,573,Spain,Female,48,8,32060.0,3,1,1,165536.39,1
802,15600801,Smith,703,France,Male,55,1,116732.48,2,0,1,115268.3,0
803,15600802,Roberts,691,Germany,Male,52,9,91480.92,3,1,0,97440.05,0
804,15600803,King,596,Spain,Female,35,6,23140.01,2,0,0,198577.53,0
805,15600804,Wood,757,France,Male,41,4,11915.54,3,1,1,144716.92,1
806,15600805,Walker,565,France,Male,30,7,70496.5,2,1,0,190574.41,0
807,15600806,Clarke,594,Spain,Male,28,3,0.0,1,1,1,15245.46,0
808,15600807,Evans,807,France,Female,26,3,118634.84,1,1,1,43218.08,0
809,15600808,Fowler,733,Spain,Male,34,3,0.0,2,0,1,7191.1,0
810,15600809,Hall,616,Germany,Male,42,6,55508.52,1,0,1,173715.61,0
811,15600810,Taylor,678,France,Male,18,6,48294.8,3,1,1,139152.06,0
812,15600811,Turner,665,France,Female,38,2,0.0,1,1,1,36352.68,0
813,15600812,Turner,386,Germany,Female,56,2,0.0,2,1,0,194863.93,1
814,15600813,Jackson,563,Spain,Male,51,10,0.0,1,1,1,191203.65,1
815,15600814,Wood,645,France,Male,33,5,99907.12,2,1,0,45694.96,0
816,15600815,Taylor,616,Germany,Female,24,9,86029.25,3,1,1,129754.94,1
817,15600816,Johnson,674,Germany,Male,44,3,0.0,1,1,1,133952.48,0
818,15600817,Johnson,758,Spain,Female,18,3,49829.09,2,0,1,1799.33,0
819,15600818,Thomas,619,Spain,Male,51,3,0.0,1,0,0,138067.18,0
820,15600819,Taylor,548,France,Female,37,5,203585.74,2,1,0,45046.7,1
821,15600820,Turner,681,France,Male,59,8,15814.0,2,0,1,180362.43,0
822,15600821,Taylor,619,Spain,Female,20,5,0.0,1,1,1,167862.92,0
823,15600822,Smith,635,France,Male,49,3,0.0,1,1,0,181153.42,0
824,15600823,Harris,622,Spain,Female,38,10,73316.7,1,1,1,151753.24,0
825,15600824,Martin,850,Germany,Female,35,6,149068.32,1,1,1,33816.18,0
826,15600825,Davies,435,France,Female,24,4,0.0,2,1,1,72750.31,0
827,15600826,Johnson,613,Spain,Male,46,0,77100.22,1,1,1,142077.36,0
828,15600827,Hill,650,France,Male,46,6,134804.57,3,1,1,65341.68,1
829,15600828,Roberts,575,Germany,Female,59,6,0.0,3,0,1,142296.55,1
830,15600829,Martin,736,France,Female,50,10,167412.41,3,1,0,67895.59,1
831,15600830,Davies,728,Spain,Male,32,2,82484.04,2,0,1,36368.16,0
832,15600831,Fowler,645,Spain,Male,28,1,0.0,1,0,1,104114.6,0
833,15600832,Wilson,624,France,Male,24,10,92569.56,2,1,1,137559.32,0
834,15600833,Fowler,639,Spain,Female,55,6,0.0,2,0,1,103921.94,0
835,15600834,Evans,640,Spain,Female,30,0,0.0,3,0,1,128731.59,1
836,15600835,Thomas,642,Spain,Female,55,1,0.0,1,0,0,88172.15,1
837,15600836,Clarke,632,Germany,Female,45,5,101363.5,1,1,0,155887.93,1
838,15600837,Johnson,674,Germany,Male,43,6,87532.91,4,1,0,130343.32,1
839,15600838,Thomas,722,France,Male,36,2,20087.0,2,0,1,115346.72,0
840,15600839,Doyle,532,Spain,Male,46,4,0.0,1,1,1,87638.97,1
841,15600840,Thomas,549,France,Female,39,8,0.0,2,0,0,107609.78,1
842,15600841,Turner,482,Germany,Male,35,10,58009.29,1,1,0,11150.93,1
843,15600842,Clarke,733,Spain,Male,47,5,0.0,2,0,1,133677.22,0
844,15600843,Martin,674,France,Male,37,4,0.0,1,1,0,41677.93,1
845,15600844,Fowler,699,France,Male,30,3,193391.75,1,1,0,172169.64,0
846,15600845,White,513,Germany,Female,46,1,0.0,1,1,0,162656.41,1
847,15600846,Martin,821,France,Male,38,0,169662.11,1,1,1,106062.98,0
848,15600847,Jackson,592,Spain,Male,44,9,125486.67,1,1,1,169579.08,0
849,15600848,White,666,France,Female,34,0,0.0,1,1,1,134489.85,0
850,15600849,Johnson,732,Germany,Male,26,9,192142.0,1,1,0,29110.75,0
851,15600850,Clarke,555,France,Male,58,2,49748.97,2,1,0,148413.78,0
852,15600851,Martin,598,France,Male,56,7,46159.26,2,1,1,199165.49,0
853,15600852,Smith,667,Germany,Female,49,10,126784.6,2,0,1,9154.48,0
854,15600853,Thomas,850,Germany,Male,35,8,89797.69,1,0,0,49738.97,1
855,15600854,Evans,679,France,Female,36,8,102119.46,1,0,1,119950.41,0
856,15600855,Hill,804,France,Female,54,2,0.0,2,1,1,83623.7,0
857,15600856,Walker,766,Spain,Female,35,6,57205.77,2,1,1,127873.69,0
858,15600857,Taylor,685,Germany,Male,32,7,0.0,3,0,0,117694.46,0
859,15600858,Hill,555,France,Female,60,4,29507.64,3,1,0,157809.9,1
860,15600859,Roberts,752,Spain,Male,38,0,127751.57,2,1,0,15109.68,0
861,15600860,Johnson,506,Spain,Male,58,10,0.0,2,1,1,88682.6,0
862,15600861,Fowler,804,Spain,Male,24,2,3154.27,1,1,1,172150.7,0
863,15600862,Wood,669,Germany,Male,45,10,0.0,2,1,0,73189.62,0
864,15600863,Brown,396,Spain,Male,62,10,0.0,3,0,0,101253.97,1
865,15600864,Davies,617,France,Male,39,0,121052.13,2,1,0,5294.15,0
866,15600865,Wilson,713,Germany,Male,36,8,69813.07,1,0,1,45610.61,0
867,15600866,Thomas,627,Germany,Male,26,6,0.0,1,0,1,93267.37,1
868,15600867,Thomas,719,Germany,Female,51,2,9829.4,1,1,0,80394.66,1
869,15600868,Walker,568,France,Female,31,8,217925.14,1,1,1,143216.32,0
870,15600869,Fowler,525,France,Male,38,1,0.0,2,1,1,122764.12,0
871,15600870,Evans,643,Spain,Female,25,2,117445.05,2,0,1,176176.22,1
872,15600871,Green,653,France,Male,56,10,0.0,1,1,1,171099.37,1
873,15600872,White,617,Germany,Male,52,8,54105.5,2,1,0,49002.75,0
874,15600873,Doyle,768,France,Male,39,1,0.0,1,1,1,4510.11,0
875,15600874,Hill,568,Spain,Male,26,1,0.0,2,1,1,171039.68,0
876,15600875,Hall,680,Germany,Male,56,2,105325.59,1,1,1,66495.05,1
877,15600876,King,657,France,Male,35,0,0.0,2,1,1,70074.83,0
878,15600877,Smith,501,France,Male,27,2,0.0,2,1,0,32520.56,0
879,15600878,Hill,523,Spain,Male,20,6,0.0,2,1,1,138908.45,0
880,15600879,Davies,651,Spain,Male,32,0,0.0,2,1,1,56741.67,0
881,15600880,Green,840,France,Male,23,3,91949.3,1,1,0,36171.88,0
882,15600881,Hall,706,Spain,Male,32,3,0.0,2,1,1,101174.76,0
883,15600882,Hill,484,Germany,Male,47,10,72648.13,1,0,0,150332.77,0
884,15600883,Wood,351,France,Male,35,10,85034.05,1,1,1,54650.12,0
885,15600884,Wilson,720,France,Male,43,9,15239.79,2,0,0,144685.76,0
886,15600885,Fowler,641,France,Male,31,3,173227.03,2,1,0,92933.05,0
887,15600886,Baker,760,France,Male,40,5,0.0,3,0,1,81350.77,0
888,15600887,Roberts,565,France,Female,60,5,0.0,1,1,1,72544.65,0
889,15600888,Taylor,684,France,Male,35,9,0.0,2,1,1,29970.61,0
890,15600889,Harris,731,Spain,Male,43,8,0.0,1,0,1,67194.12,0
891,15600890,Harris,607,France,Male,22,9,161947.93,2,1,0,175971.05,0
892,15600891,Doyle,609,Germany,Female,56,6,0.0,2,1,1,21331.22,0
893,15600892,Turner,652,France,Female,34,10,131010.16,2,0,1,191701.7,0
894,15600893,Roberts,702,France,Female,51,8,149839.66,2,0,0,22391.81,1
895,15600894,Brown,649,Germany,Female,38,8,0.0,2,1,1,73044.3,0
896,15600895,Evans,744,Germany,Male,46,7,0.0,1,1,0,121654.93,1
897,15600896,Doyle,606,France,Female,46,3,176363.8,4,1,0,167730.44,1
898,15600897,Martin,522,France,Male,34,6,133582.06,3,1,1,29572.98,0
899,15600898,Brown,840,France,Female,51,3,97919.3,1,1,1,29079.34,0
900,15600899,Evans,592,Spain,Male,31,7,109268.76,1,1,1,126047.25,0
901,15600900,Johnson,595,France,Male,48,2,0.0,1,1,1,59256.58,0
902,15600901,Baker,644,France,Female,35,8,0.0,2,1,0,129255.92,0
903,15600902,Taylor,656,France,Male,43,6,0.0,3,1,1,164296.06,0
904,15600903,Wood,613,France,Female,34,7,0.0,2,1,0,16297.23,0
905,15600904,Wilson,648,Germany,Male,40,2,100608.33,1,1,0,169054.33,0
906,15600905,Green,646,Spain,Female,27,8,28725.68,1,1,0,8479.49,1
907,15600906,Green,667,France,Female,42,8,0.0,2,1,0,179866.41,0
908,15600907,Taylor,424,France,Male,39,1,0.0,1,1,0,195148.01,0
909,15600908,Evans,831,France,Female,33,3,100067.73,1,1,1,133823.59,0
910,15600909,Hall,636,France,Female,38,7,40273.32,1,1,1,196866.81,0
911,15600910,Smith,706,Germany,Female,40,9,0.0,1,1,1,164576.38,0
912,15600911,Walker,518,Germany,Male,32,8,0.0,1,0,0,9828.73,1
913,15600912,Doyle,605,Germany,Male,38,5,114259.16,2,1,1,1758.38,0
914,15600913,Davies,585,Germany,Female,28,3,0.0,1,1,0,5138.9,1
915,15600914,Smith,791,Germany,Male,65,10,80191.98,1,1,1,90929.49,0
916,15600915,Brown,594,Germany,Male,51,9,150351.2,2,1,1,125053.14,0
917,15600916,Jackson,723,France,Male,42,9,0.0,3,0,0,96812.89,0
918,15600917,Jackson,588,France,Female,52,3,46148.9,2,1,1,135748.93,0
919,15600918,Baker,607,France,Male,18,4,0.0,2,0,1,90470.92,0
920,15600919,White,626,Spain,Female,18,2,0.0,2,0,0,9470.2,0
921,15600920,Evans,773,France,Female,35,10,0.0,2,0,1,46007.17,0
922,15600921,Baker,469,Germany,Male,24,9,13051.29,2,1,1,198532.22,0
923,15600922,Baker,524,Spain,Male,36,1,0.0,1,1,0,69826.9,0
924,15600923,Smith,463,Spain,Female,41,2,0.0,2,1,0,65628.38,0
925,15600924,Doyle,546,France,Male,49,6,46822.09,1,1,0,31405.62,0
926,15600925,King,572,France,Female,26,4,0.0,1,1,1,197441.6,0
927,15600926,King,495,France,Female,43,5,77872.59,1,0,0,46861.4,0
928,15600927,Martin,580,Germany,Female,39,4,148031.53,1,1,1,129718.49,0
929,15600928,Thomas,457,Spain,Male,43,7,56362.45,1,0,0,9367.44,0
930,15600929,Martin,552,Spain,Female,33,9,58363.11,2,0,1,14227.99,0
931,15600930,White,765,France,Female,54,10,43468.84,1,0,1,143633.59,0
932,15600931,Clarke,689,France,Male,38,5,0.0,1,1,1,127398.46,0
933,15600932,Hall,668,France,Female,59,9,119105.17,1,1,1,136352.32,0
934,15600933,Brown,554,Germany,Female,30,7,82568.91,1,1,1,46963.11,0
935,15600934,Clarke,503,Germany,Female,47,2,93014.54,2,1,1,196992.91,0
936,15600935,King,541,France,Male,38,8,160105.26,1,1,0,112116.66,0
937,15600936,King,646,Germany,Male,35,3,163264.44,1,1,0,193940.09,1
938,15600937,Hall,733,France,Male,46,6,0.0,1,0,1,33669.94,0
939,15600938,Fowler,737,Germany,Male,36,7,0.0,1,1,0,81614.8,1
940,15600939,Clarke,711,France,Male,18,10,102410.58,1,0,0,67801.42,0
941,15600940,Brown,579,France,Female,18,10,64612.5,1,0,1,151259.91,0
942,15600941,Doyle,652,Germany,Male,53,8,108022.6,2,1,1,149766.72,0
943,15600942,Johnson,619,France,Female,53,5,0.0,3,0,0,97822.21,0
944,15600943,Walker,631,France,Male,60,4,170445.33,2,0,0,4213.45,0
945,15600944,Thomas,846,France,Male,39,4,118321.93,1,1,0,35865.94,0
946,15600945,Brown,481,France,Male,25,10,42414.12,1,1,0,11002.87,0
947,15600946,Davies,627,Spain,Male,34,2,57802.44,2,1,0,169555.9,0
948,15600947,Roberts,766,Germany,Female,39,5,0.0,1,0,1,58664.54,0
949,15600948,Roberts,509,Germany,Female,28,7,0.0,3,1,1,24466.6,0
950,15600949,Davies,588,France,Female,57,0,0.0,2,1,0,71480.3,1
951,15600950,Evans,599,Spain,Male,64,6,17118.93,1,1,0,16380.57,0
952,15600951,King,629,France,Female,44,2,132718.62,1,1,1,195792.57,1
953,15600952,Brown,497,France,Male,39,3,160223.85,3,1,0,63686.57,0
954,15600953,Fowler,707,France,Female,25,6,0.0,4,1,0,186680.27,0
955,15600954,Harris,714,Germany,Male,56,0,0.0,2,1,0,136863.01,1
956,15600955,Johnson,699,Germany,Male,40,1,113924.15,1,0,1,113655.29,0
957,15600956,White,566,Germany,Male,36,5,88919.86,2,0,0,95623.9,0
958,15600957,Taylor,658,Spain,Male,44,6,30480.14,1,1,0,137788.64,1
959,15600958,Martin,564,France,Male,33,1,54102.71,1,1,1,137568.79,0
960,15600959,Doyle,618,Spain,Female,41,3,73696.02,2,1,1,3093.69,0
961,15600960,Walker,850,Spain,Female,23,3,103650.26,3,1,1,181648.97,0
962,15600961,Davies,659,France,Female,51,5,0.0,1,1,1,74224.72,0
963,15600962,Evans,536,France,Male,38,3,101570.32,1,1,1,71301.35,1
964,15600963,Clarke,667,France,Female,52,0,6134.46,1,1,0,81911.52,0
965,15600964,Wood,520,Germany,Male,37,5,126586.98,1,0,0,137371.28,0
966,15600965,Turner,535,France,Male,38,9,90187.87,1,1,0,75827.53,1
967,15600966,Jackson,550,Germany,Male,26,6,0.0,2,0,0,75392.38,0
968,15600967,Doyle,607,France,Male,47,3,0.0,1,1,0,13629.51,0
969,15600968,Hill,740,Spain,Female,29,5,107790.22,2,1,0,83911.69,0
970,15600969,Brown,706,France,Male,34,1,245607.05,1,1,1,30746.22,0
971,15600970,Turner,700,France,Male,39,2,0.0,1,0,1,171262.26,0
972,15600971,White,545,France,Female,40,4,86280.32,1,1,0,67567.71,0
973,15600972,Clarke,598,France,Male,20,6,0.0,1,0,1,192212.61,0
974,15600973,Brown,676,Germany,Female,36,5,174054.65,2,0,0,137221.07,1
975,15600974,Thomas,590,France,Male,48,10,26249.41,2,1,1,151474.16,0
976,15600975,Jackson,623,Spain,Female,35,7,0.0,3,1,1,189602.49,0
977,15600976,Baker,692,France,Female,37,0,63954.46,1,1,0,48548.02,1
978,15600977,Hall,617,France,Female,41,5,79586.51,2,1,0,113890.9,0
979,15600978,Fowler,672,Spain,Female,38,6,11683.73,3,1,1,9104.44,0
980,15600979,Martin,803,France,Female,28,0,0.0,1,1,1,21050.98,0
981,15600980,Baker,634,Germany,Female,39,4,0.0,2,0,1,73950.8,0
982,15600981,Fowler,763,Germany,Male,50,9,23170.07,3,1,0,136817.87,1
983,15600982,Davies,704,Spain,Male,27,3,158897.98,2,1,0,166507.03,0
984,15600983,Turner,509,France,Female,35,5,62272.48,2,0,0,52024.44,1
985,15600984,Baker,544,France,Male,24,2,108403.4,2,1,1,150066.37,0
986,15600985,Turner,570,Germany,Male,49,0,136277.9,1,1,0,45633.94,1
987,15600986,Turner,568,France,Male,38,3,0.0,2,1,0,2205.07,0
988,15600987,Fowler,641,France,Male,30,8,0.0,3,0,1,11828.19,0
989,15600988,Walker,709,France,Male,40,10,128244.62,1,0,1,117526.17,0
990,15600989,Thomas,770,Germany,Female,26,7,0.0,2,1,0,99932.36,0
991,15600990,Hall,680,Spain,Female,28,9,0.0,2,1,1,54814.62,0
992,15600991,Davies,607,Germany,Female,23,7,84000.88,1,1,1,2303.02,0
993,15600992,Brown,450,Germany,Male,27,7,1448.2,2,0,1,114034.06,0
994,15600993,Brown,657,France,Male,54,4,100569.4,2,1,0,163703.72,1
995,15600994,Hall,652,Germany,Female,31,0,0.0,2,1,1,14640.43,0
996,15600995,Turner,668,France,Male,44,4,74278.82,2,0,0,147558.42,0
997,15600996,Harris,850,Spain,Female,30,9,0.0,1,0,1,127273.98,0
998,15600997,Doyle,769,France,Male,47,5,0.0,3,0,1,96391.6,1
999,15600998,Walker,725,Germany,Female,28,8,44921.28,2,0,1,10619.93,0
1000,15600999,Brown,558,France,Male,39,0,169837.31,2,0,1,184790.71,0
1001,15601000,Clarke,601,France,Female,40,2,142076.93,1,0,1,96010.76,0
1002,15601001,Fowler,641,France,Female,65,3,66382.46,1,0,0,80521.79,0
1003,15601002,Jackson,576,France,Male,46,3,29018.79,3,1,0,172433.61,1
1004,15601003,Green,698,France,Female,32,10,0.0,1,1,0,169270.07,0
1005,15601004,Wood,684,Spain,Male,47,5,0.0,1,1,1,145724.93,0
1006,15601005,Martin,546,France,Female,63,7,49449.37,2,1,0,166042.64,1
1007,15601006,Hall,765,Germany,Female,21,7,155964.62,2,0,1,25741.37,1
1008,15601007,Hall,660,France,Male,30,4,52626.19,2,1,1,152422.2,0
1009,15601008,Thomas,484,Spain,Male,36,10,40463.1,2,1,1,66278.78,0
1010,15601009,Wood,645,France,Female,34,2,0.0,3,1,0,173631.46,0
1011,15601010,Davies,677,Spain,Male,35,0,0.0,1,0,1,74676.06,0
1012,15601011,Johnson,743,Spain,Female,25,8,90470.25,2,0,1,11806.49,0
1013,15601012,Fowler,618,France,Female,54,7,0.0,2,1,1,83461.67,0
1014,15601013,Clarke,729,Germany,Female,23,2,96447.61,2,0,1,151598.63,0
1015,15601014,Wood,668,France,Male,37,9,96653.05,1,0,0,100685.48,0
1016,15601015,Davies,524,France,Female,51,1,101283.07,1,0,0,152963.15,1
1017,15601016,Clarke,514,Spain,Female,39,2,0.0,2,1,1,8019.47,0
1018,15601017,Thomas,758,Germany,Male,28,1,0.0,2,1,1,36255.68,0
1019,15601018,Brown,765,France,Male,24,2,0.0,2,0,1,113157.98,0
1020,15601019,Hall,681,France,Male,36,8,0.0,2,1,1,77677.44,0
1021,15601020,Davies,794,Germany,Male,31,7,0.0,2,1,1,136354.97,0
1022,15601021,Turner,751,Spain,Female,41,7,0.0,1,0,1,192548.29,0
1023,15601022,Clarke,716,Germany,Male,24,9,0.0,2,1,1,132312.53,0
1024,15601023,Clarke,563,Spain,Female,48,0,0.0,2,0,1,84055.22,1
1025,15601024,Jackson,816,Spain,Male,40,6,0.0,1,1,0,108930.44,1
1026,15601025,Jackson,701,France,Male,41,1,72886.78,1,1,0,182652.47,1
1027,15601026,White,613,Germany,Male,55,10,0.0,2,1,0,134924.86,0
1028,15601027,Evans,586,France,Female,34,6,69293.06,2,1,0,160832.72,1
1029,15601028,Harris,675,Spain,Female,31,8,180615.34,1,0,1,61002.16,0
1030,15601029,Fowler,490,France,Male,33,6,0.0,1,1,1,149119.91,0
1031,15601030,Wood,717,Spain,Female,37,4,138066.6,1,1,0,28746.84,0
1032,15601031,Roberts,558,Spain,Male,38,7,174771.32,2,1,0,150205.35,0
1033,15601032,Fowler,686,Spain,Male,30,9,5343.2,2,1,1,176430.16,0
1034,15601033,Wood,600,Germany,Male,18,1,0.0,1,0,1,180146.26,0
1035,15601034,Fowler,625,France,Female,33,9,72314.17,3,0,1,24201.42,0
1036,15601035,Jackson,577,Spain,Female,43,7,92267.7,1,0,0,166146.53,1
1037,15601036,Roberts,635,France,Female,40,0,79098.59,1,1,0,22877.37,1
1038,15601037,Hall,831,France,Male,52,10,0.0,1,1,1,96200.99,0
1039,15601038,Hall,783,France,Male,61,1,0.0,2,1,1,136821.78,0
1040,15601039,Taylor,684,France,Female,47,6,208480.9,2,0,1,97365.57,0
1041,15601040,Hall,648,France,Male,54,1,0.0,1,0,1,68642.01,0
1042,15601041,Smith,731,Spain,Female,47,2,0.0,2,0,0,137080.41,0
1043,15601042,White,758,Spain,Female,58,7,102436.58,2,1,0,132514.88,1
1044,15601043,Hill,570,Spain,Male,59,7,43635.14,2,1,0,116995.64,1
1045,15601044,Walker,643,France,Female,49,7,0.0,3,1,0,106157.3,1
1046,15601045,Jackson,475,France,Female,47,3,0.0,2,1,0,141442.24,0
1047,15601046,Johnson,758,France,Male,37,9,70640.65,1,1,0,81204.37,0
1048,15601047,Turner,848,Germany,Female,39,0,64977.35,1,0,0,14684.88,1
1049,15601048,Fowler,658,Germany,Female,35,9,150901.7,3,0,1,107953.45,1
1050,15601049,Roberts,446,France,Male,46,3,154552.73,2,0,0,144967.65,0
1051,15601050,Turner,708,Spain,Female,31,6,0.0,2,0,1,60532.82,0
1052,15601051,Jackson,563,France,Male,37,9,0.0,3,1,0,29009.48,0
1053,15601052,Wood,586,France,Female,18,2,62395.2,2,1,0,182456.4,0
1054,15601053,Jackson,710,France,Female,58,4,0.0,2,1,0,172886.18,0
1055,15601054,Jackson,674,France,Female,37,9,150702.77,2,1,0,124068.41,1
1056,15601055,Walker,603,Spain,Male,44,9,45778.49,1,1,0,157534.82,0
1057,15601056,Taylor,588,Germany,Female,55,2,0.0,2,1,1,193792.26,0
1058,15601057,Doyle,662,France,Male,42,5,95590.82,3,1,1,114282.54,0
1059,15601058,Smith,611,Spain,Male,55,3,0.0,1,1,0,49592.16,1
1060,15601059,Doyle,544,Spain,Male,25,5,107535.7,1,0,0,128123.59,0
1061,15601060,Wood,618,Germany,Female,65,4,84669.48,2,1,0,183004.14,1
1062,15601061,Baker,683,Spain,Male,51,0,121609.31,2,1,1,138339.49,0
1063,15601062,Green,633,France,Male,41,10,0.0,1,0,0,6221.84,1
1064,15601063,Fowler,514,Spain,Female,55,7,0.0,1,0,0,183509.39,0
1065,15601064,Jackson,745,France,Male,26,5,76771.34,1,1,1,150981.38,0
1066,15601065,Roberts,387,Germany,Male,36,1,75903.85,1,1,1,80964.37,0
1067,15601066,White,607,France,Male,55,0,2422.54,2,1,1,197510.89,0
1068,15601067,Davies,590,Spain,Male,18,5,0.0,2,1,0,144614.19,0
1069,15601068,Evans,664,France,Female,45,7,0.0,2,1,0,165262.78,0
1070,15601069,Wood,704,France,Male,45,2,0.0,1,1,0,188690.15,0
1071,15601070,Jackson,758,Germany,Male,61,8,103397.78,1,0,1,8876.11,1
1072,15601071,Smith,582,Spain,Female,22,4,0.0,1,1,1,155109.55,0
1073,15601072,Hall,706,France,Female,57,0,0.0,2,1,0,77882.94,1
1074,15601073,Turner,669,Germany,Female,33,5,85295.83,3,1,1,173945.93,1
1075,15601074,Johnson,486,Germany,Female,34,1,0.0,1,1,0,175900.28,1
1076,15601075,Taylor,832,France,Female,26,0,90594.91,3,1,1,165895.08,0
1077,15601076,Roberts,512,Spain,Male,27,1,0.0,1,1,0,156060.92,0
1078,15601077,Baker,690,France,Female,43,3,40486.25,1,1,0,159062.28,0
1079,15601078,Turner,687,Spain,Female,27,5,104723.46,2,0,0,60013.95,1
1080,15601079,Hall,676,France,Male,47,10,104379.9,1,1,1,81899.11,0
1081,15601080,Green,603,France,Male,32,2,0.0,3,0,0,23895.92,0
1082,15601081,Davies,729,Germany,Male,26,0,0.0,1,1,0,166287.71,0
1083,15601082,Evans,500,Germany,Female,33,2,0.0,2,0,1,129555.29,0
1084,15601083,Clarke,644,Germany,Female,43,3,0.0,1,1,1,122930.63,0
1085,15601084,Green,596,Germany,Female,36,2,66768.38,1,1,1,49969.53,0
1086,15601085,Green,585,Spain,Male,39,3,0.0,1,0,1,123392.18,0
1087,15601086,Martin,691,Germany,Male,47,10,0.0,3,1,1,91455.79,0
1088,15601087,Walker,753,Germany,Male,51,4,0.0,2,1,1,199058.49,1
1089,15601088,Baker,617,France,Male,36,6,58762.85,2,0,0,172750.59,0
1090,15601089,Jackson,725,France,Female,28,7,0.0,1,1,0,105670.59,1
1091,15601090,Hall,655,France,Female,40,1,0.0,1,1,0,161882.66,0
1092,15601091,Green,564,Spain,Female,44,2,0.0,1,1,0,33736.5,0
1093,15601092,Green,625,France,Female,23,4,0.0,2,1,0,21178.7,0
1094,15601093,Green,621,France,Female,29,5,138033.44,1,0,0,126499.51,1
1095,15601094,Wilson,583,Spain,Male,31,0,0.0,1,0,0,145630.38,0
1096,15601095,Clarke,691,France,Male,37,7,175831.64,2,1,1,11558.23,0
1097,15601096,Brown,673,France,Male,31,3,131302.6,2,1,1,40991.71,0
1098,15601097,Wood,497,Germany,Male,47,3,118818.06,1,0,1,107916.33,1
1099,15601098,Roberts,491,Germany,Male,21,6,193545.7,1,1,1,13500.5,0
1100,15601099,Wilson,691,France,Male,22,10,84656.99,1,1,0,85386.51,0
1101,15601100,Harris,572,France,Female,35,9,93469.16,2,0,0,96933.88,0
1102,15601101,Taylor,679,France,Male,37,10,89369.46,1,1,0,184440.14,0
1103,15601102,Wood,725,Germany,Female,23,4,174908.27,2,1,1,63819.62,0
1104,15601103,Brown,528,Germany,Female,32,1,90138.34,1,0,0,34565.03,0
1105,15601104,Doyle,514,France,Female,35,2,54344.74,3,0,1,2494.14,0
1106,15601105,Green,811,Germany,Female,35,3,0.0,3,0,0,25200.01,0
1107,15601106,Turner,684,France,Male,41,3,0.0,1,1,1,150422.33,0
1108,15601107,Taylor,610,France,Female,32,2,119340.93,1,0,1,89539.45,0
1109,15601108,Hill,560,Germany,Male,55,1,0.0,1,1,0,40546.28,1
1110,15601109,Hill,601,France,Female,44,2,79582.85,2,1,1,186672.51,1
1111,15601110,Thomas,536,France,Male,30,7,0.0,2,0,1,157720.13,0
1112,15601111,White,735,France,Male,40,5,8171.55,2,1,1,23758.57,0
1113,15601112,Clarke,575,Spain,Female,40,0,98962.92,1,1,1,54522.51,0
1114,15601113,Smith,755,Germany,Female,52,6,64547.9,1,0,0,170038.86,0
1115,15601114,Martin,612,Germany,Male,32,9,247424.5,2,1,0,138793.9,0
1116,15601115,Walker,550,France,Female,47,4,0.0,2,0,1,189163.5,0
1117,15601116,Green,609,France,Male,39,3,0.0,2,1,0,16173.64,0
1118,15601117,Martin,398,Germany,Female,55,2,14193.4,2,0,0,155306.83,1
1119,15601118,Harris,638,France,Male,53,4,161797.34,2,1,0,16205.87,0
1120,15601119,Jackson,634,Germany,Male,41,3,70748.2,2,1,1,67995.73,0
1121,15601120,Taylor,729,Spain,Male,36,10,46475.64,3,1,0,150383.08,1
1122,15601121,White,469,France,Male,45,10,108496.46,2,1,1,142490.98,0
1123,15601122,Davies,762,Germany,Male,37,3,125734.54,2,0,0,1421.45,1
1124,15601123,Wilson,729,France,Male,57,10,124867.41,4,1,0,41186.64,1
1125,15601124,Roberts,770,France,Male,40,9,91086.27,1,0,0,155936.16,0
1126,15601125,Hall,645,Spain,Male,35,0,0.0,2,0,0,26103.36,0
1127,15601126,Smith,747,Spain,Male,34,5,0.0,2,0,0,65949.4,0
1128,15601127,Baker,509,Spain,Male,26,7,108501.79,1,1,1,37594.01,0
1129,15601128,Martin,718,Spain,Female,45,4,113368.69,2,1,0,23179.45,1
1130,15601129,Brown,576,Germany,Female,30,5,150194.9,1,0,0,167488.52,0
1131,15601130,Smith,491,Germany,Male,51,5,0.0,1,1,0,13207.01,0
1132,15601131,Johnson,542,Spain,Female,25,7,0.0,1,1,0,107673.94,0
1133,15601132,Davies,651,France,Male,40,3,82063.96,2,1,1,138841.43,0
1134,15601133,Doyle,571,Spain,Male,52,6,0.0,2,1,0,12460.45,0
1135,15601134,Baker,686,Germany,Female,18,2,0.0,2,1,1,127051.93,0
1136,15601135,King,476,France,Female,61,9,0.0,1,1,0,67479.04,1
1137,15601136,Harris,446,France,Female,34,0,140505.19,2,1,0,166875.5,0
1138,15601137,Brown,782,France,Male,41,0,173606.75,1,1,1,159734.26,1
1139,15601138,Jackson,737,France,Female,45,0,0.0,1,0,0,158987.1,1
1140,15601139,Thomas,549,Spain,Male,47,3,0.0,1,1,1,80334.03,0
1141,15601140,Brown,650,France,Male,42,6,0.0,2,1,1,164687.09,0
1142,15601141,Roberts,748,Germany,Male,50,10,0.0,1,0,0,126366.42,0
1143,15601142,Walker,690,Germany,Female,45,5,0.0,2,0,1,76358.03,0
1144,15601143,Turner,664,Germany,Male,58,2,18892.14,2,1,0,17053.32,1
1145,15601144,Walker,755,France,Female,45,4,0.0,1,1,1,14296.96,0
1146,15601145,Taylor,580,France,Female,61,1,73431.19,2,1,1,51028.93,0
1147,15601146,Smith,653,Spain,Female,49,5,0.0,1,0,0,60617.34,0
1148,15601147,Roberts,648,Germany,Female,19,8,28072.47,1,1,0,185578.13,0
1149,15601148,Jackson,624,France,Female,68,0,133430.62,1,0,1,199987.67,1
1150,15601149,Baker,613,Germany,Male,33,8,67034.15,2,1,0,29591.1,0
1151,15601150,Davies,657,France,Male,55,2,66800.03,3,0,1,188610.88,0
1152,15601151,Doyle,653,Germany,Female,39,7,0.0,2,1,0,141601.46,1
1153,15601152,Fowler,549,France,Male,51,8,82910.04,2,1,0,100223.03,1
1154,15601153,Hall,727,France,Male,31,8,0.0,1,1,1,190982.64,0
1155,15601154,Turner,556,Spain,Male,46,7,38661.76,3,1,1,143024.94,0
1156,15601155,Johnson,629,France,Male,36,7,13143.74,1,1,1,119137.25,0
1157,15601156,Turner,622,France,Male,56,2,72961.68,1,1,1,42695.83,1
1158,15601157,Brown,684,France,Male,44,1,93312.99,4,1,0,49644.35,0
1159,15601158,King,447,France,Female,49,4,21758.42,1,1,0,182388.85,0
1160,15601159,Johnson,736,Germany,Male,18,6,13673.55,1,1,0,43792.72,0
1161,15601160,King,585,France,Female,38,6,0.0,1,1,0,7428.9,0
1162,15601161,Taylor,767,Spain,Female,44,8,0.0,1,1,0,53979.19,0
1163,15601162,Brown,604,Germany,Male,41,3,0.0,2,1,1,96630.59,0
1164,15601163,Doyle,645,France,Female,50,9,143093.77,1,1,0,77010.99,0
1165,15601164,Walker,834,France,Female,35,4,55251.29,3,0,0,187224.8,0
1166,15601165,Harris,623,Germany,Female,40,2,0.0,1,1,1,84296.23,1
1167,15601166,Johnson,769,Germany,Male,52,8,91565.89,2,1,0,177921.48,0
1168,15601167,Thomas,654,Spain,Male,18,1,0.0,2,1,1,119337.92,0
1169,15601168,Baker,690,Germany,Male,45,4,78367.51,2,1,0,105300.81,1
1170,15601169,Davies,657,France,Female,35,8,0.0,2,1,0,32878.93,0
1171,15601170,Harris,731,France,Female,29,8,27476.74,2,1,1,54935.35,0
1172,15601171,Jackson,584,Spain,Female,43,2,83085.98,2,1,1,173566.19,0
1173,15601172,Harris,556,France,Female,53,1,0.0,2,0,1,156211.49,0
1174,15601173,Baker,589,Germany,Female,50,0,0.0,1,1,0,90037.25,1
1175,15601174,Hill,660,Spain,Female,38,0,87051.91,1,0,0,181895.41,0
1176,15601175,Taylor,629,Germany,Male,49,9,28275.48,2,1,1,164016.56,0
1177,15601176,Taylor,718,France,Female,49,8,0.0,1,1,0,23304.78,0
1178,15601177,Johnson,775,France,Male,38,5,88932.96,1,1,1,121580.17,0
1179,15601178,Hill,556,France,Male,31,6,130892.59,3,0,0,159969.8,0
1180,15601179,Hill,580,France,Male,32,3,148675.26,1,0,0,161860.48,0
1181,15601180,Baker,512,Germany,Female,48,2,115244.44,1,0,0,19176.89,0
1182,15601181,Martin,845,France,Male,39,0,137321.65,2,1,1,45697.62,0
1183,15601182,Hall,679,France,Male,27,7,0.0,1,1,0,83194.82,0
1184,15601183,Martin,696,France,Male,20,0,0.0,1,1,1,51074.59,0
1185,15601184,Wilson,521,France,Male,48,1,22964.95,1,1,0,22678.69,0
1186,15601185,Thomas,650,Germany,Male,33,8,60973.43,1,1,0,126131.29,0
1187,15601186,King,699,France,Female,43,6,139574.72,1,0,0,101987.22,0
1188,15601187,Walker,626,Germany,Female,53,5,0.0,2,1,1,31842.96,0
1189,15601188,Walker,753,France,Male,25,2,0.0,1,1,1,117690.02,0
1190,15601189,Roberts,850,Spain,Male,39,1,127142.53,1,0,1,13340.98,0
1191,15601190,Brown,559,France,Male,37,5,0.0,2,1,0,77225.17,1
1192,15601191,Jackson,552,France,Male,43,3,0.0,1,1,1,158711.07,0
1193,15601192,Wood,566,Germany,Female,53,5,0.0,1,1,0,178119.88,1
1194,15601193,Taylor,804,Germany,Female,24,1,158524.18,1,0,1,49801.69,0
1195,15601194,Hill,750,Germany,Female,45,2,0.0,1,1,1,172042.25,1
1196,15601195,Johnson,637,France,Male,50,1,104111.27,1,0,0,178459.8,0
1197,15601196,Evans,654,France,Female,37,4,59007.37,1,1,1,121769.58,0
1198,15601197,Taylor,572,Spain,Male,37,3,121466.61,2,1,1,196453.4,0
1199,15601198,Fowler,735,France,Male,44,2,0.0,3,1,0,49988.99,0
1200,15601199,Jackson,614,Spain,Female,43,6,110132.63,2,1,0,14725.87,0
1201,15601200,Baker,625,Spain,Female,45,5,31758.21,1,0,0,168845.19,1
1202,15601201,Turner,708,Spain,Female,45,2,86866.7,2,1,1,98695.2,0
1203,15601202,Hill,632,Germany,Female,28,7,80090.81,2,0,1,69944.32,0
1204,15601203,Doyle,627,Spain,Female,50,3,117242.05,1,1,0,11991.33,0
1205,15601204,Evans,651,France,Female,52,3,144411.33,3,1,0,13860.27,0
1206,15601205,King,726,France,Male,41,5,0.0,2,1,0,19052.57,0
1207,15601206,Green,808,Spain,Male,23,1,19810.52,1,1,0,37544.86,0
1208,15601207,Evans,706,France,Male,38,4,0.0,3,1,0,194109.78,0
1209,15601208,Baker,727,France,Male,41,6,0.0,1,1,0,56999.42,0
1210,15601209,Wood,631,France,Male,26,1,180530.29,1,1,0,163592.41,0
1211,15601210,Turner,582,Germany,Male,35,6,0.0,1,0,1,4863.34,0
1212,15601211,Martin,713,Germany,Female,23,0,93483.87,1,1,1,65041.2,0
1213,15601212,Turner,666,Spain,Female,46,6,141266.57,3,1,0,181332.29,1
1214,15601213,Green,513,France,Female,41,0,79972.01,2,1,1,37823.12,0
1215,15601214,Wilson,619,France,Male,21,1,0.0,1,1,0,57520.68,0
1216,15601215,Johnson,642,Spain,Female,43,3,75316.97,2,0,0,165476.46,0
1217,15601216,Clarke,601,France,Male,38,6,120370.42,2,1,1,25156.95,0
1218,15601217,Brown,792,Spain,Male,45,7,26834.15,3,1,1,11583.45,1
1219,15601218,Fowler,696,Spain,Male,35,5,155377.88,3,1,0,193229.37,0
1220,15601219,Harris,782,France,Male,30,1,86920.39,3,0,0,81553.56,0
1221,15601220,Evans,675,France,Male,31,4,0.0,2,1,1,131916.38,0
1222,15601221,Green,658,France,Female,33,8,151839.26,1,1,0,26296.07,1
1223,15601222,White,560,Germany,Female,39,0,0.0,3,1,1,44815.3,0
1224,15601223,Taylor,651,Spain,Female,41,7,0.0,1,1,0,92536.17,0
1225,15601224,Harris,651,France,Male,37,4,0.0,1,1,0,135355.49,0
1226,15601225,Green,519,Germany,Female,34,0,0.0,1,1,1,59356.33,0
1227,15601226,Green,598,France,Female,35,7,52323.86,1,0,1,177042.12,0
1228,15601227,Brown,619,France,Male,67,0,0.0,2,1,0,156447.66,0
1229,15601228,White,690,Germany,Female,31,4,58000.17,3,0,1,110760.02,0
1230,15601229,Smith,694,France,Male,33,2,115055.27,1,1,1,92383.03,0
1231,15601230,Hall,594,France,Male,75,6,133124.65,2,1,0,124288.97,1
1232,15601231,Harris,695,Spain,Male,44,0,0.0,1,1,0,146600.97,0
1233,15601232,Hill,633,France,Male,24,1,0.0,2,1,0,27855.11,0
1234,15601233,Davies,375,Spain,Male,48,5,100335.74,1,0,1,170675.63,0
1235,15601234,Jackson,603,France,Male,29,10,40972.15,1,1,1,98391.15,0
1236,15601235,Brown,754,France,Male,49,0,179321.51,2,1,0,187133.45,1
1237,15601236,Fowler,489,France,Female,37,5,0.0,2,0,1,191152.94,0
1238,15601237,Davies,661,France,Male,34,8,53801.35,1,1,0,7112.65,0
1239,15601238,Thomas,802,France,Male,57,3,67060.94,1,1,1,77511.71,1
1240,15601239,Baker,577,France,Male,45,5,21124.15,1,1,1,105718.46,0
1241,15601240,Harris,650,Germany,Female,50,9,0.0,2,1,0,108379.5,1
1242,15601241,Doyle,525,France,Female,44,8,77179.04,1,1,0,164656.28,0
1243,15601242,Brown,806,France,Female,34,3,130186.11,1,1,0,29079.69,0
1244,15601243,Doyle,642,France,Male,46,8,68655.14,2,1,1,124874.06,0
1245,15601244,King,654,France,Male,52,7,20289.74,2,0,0,188576.8,0
1246,15601245,Wilson,780,France,Female,40,5,1792.53,1,0,1,199341.55,0
1247,15601246,King,714,Spain,Male,59,4,101526.34,2,1,0,3007.02,0
1248,15601247,Johnson,566,France,Female,48,10,93994.42,1,1,0,194540.89,0
1249,15601248,Green,588,Germany,Female,41,9,0.0,1,1,1,25319.8,0
1250,15601249,Johnson,698,Germany,Male,42,10,64289.89,2,1,0,107853.16,1
1251,15601250,Green,590,France,Female,41,7,111366.78,1,1,1,50027.59,0
1252,15601251,Fowler,447,France,Female,25,3,166480.04,1,0,0,121671.82,0
1253,15601252,Walker,645,France,Male,38,1,47092.05,2,1,0,8368.29,0
1254,15601253,Walker,508,Spain,Male,41,1,94889.66,2,1,0,48428.2,0
1255,15601254,Clarke,805,France,Male,34,10,142704.87,3,1,0,60814.55,0
1256,15601255,Wood,667,Germany,Female,43,3,47313.71,2,0,1,183205.83,0
1257,15601256,Green,563,Germany,Male,39,1,89140.23,1,1,0,117142.28,0
1258,15601257,Doyle,583,Germany,Male,48,2,87910.24,2,1,0,141933.73,0
1259,15601258,Brown,469,Spain,Female,46,0,17878.76,1,1,0,135527.02,1
1260,15601259,Davies,544,Germany,Male,41,5,99267.43,2,1,1,79065.38,0
1261,15601260,Turner,748,France,Male,24,6,0.0,1,0,1,3790.19,0
1262,15601261,Jackson,850,France,Female,59,4,120529.63,1,1,1,22297.13,0
1263,15601262,Fowler,720,France,Male,37,8,0.0,1,1,1,92302.89,0
1264,15601263,Fowler,641,Germany,Male,38,5,0.0,2,1,0,188317.66,0
1265,15601264,Wilson,609,Spain,Male,35,10,165995.37,1,1,0,50502.8,1
1266,15601265,Smith,558,Germany,Male,34,8,204262.49,2,1,1,139965.43,0
1267,15601266,Davies,848,France,Male,56,0,160407.11,2,1,0,165492.57,0
1268,15601267,Turner,632,Germany,Female,54,3,25261.07,2,1,1,181450.27,1
1269,15601268,Doyle,850,France,Female,44,8,0.0,1,1,1,59403.8,1
1270,15601269,Hall,784,France,Male,38,5,0.0,1,0,0,186325.35,1
1271,15601270,Thomas,483,Germany,Female,46,8,0.0,3,1,1,121988.47,0
1272,15601271,Wood,586,France,Female,40,3,0.0,2,1,0,102172.95,0
1273,15601272,Green,586,France,Female,37,0,0.0,1,1,1,155900.13,0
1274,15601273,Roberts,642,Spain,Female,43,8,71051.55,3,1,0,48503.81,0
1275,15601274,Brown,644,France,Female,34,8,129743.15,1,1,1,162703.47,0
1276,15601275,Turner,850,France,Female,42,7,0.0,1,0,0,130342.58,0
1277,15601276,Brown,547,France,Male,41,4,112162.13,1,1,1,160073.86,0
1278,15601277,Walker,672,France,Male,46,0,0.0,1,0,1,171288.72,0
1279,15601278,Hill,709,Germany,Male,32,8,112249.01,1,0,1,123852.14,0
1280,15601279,Johnson,650,Spain,Male,47,7,119123.15,2,0,1,8310.29,0
1281,15601280,Wilson,661,France,Female,29,7,0.0,1,1,1,60251.78,0
1282,15601281,Harris,550,France,Male,33,1,94558.98,2,0,1,175725.93,0
1283,15601282,Walker,660,France,Male,33,8,185879.21,2,1,1,125764.35,0
1284,15601283,Fowler,699,Spain,Male,27,7,0.0,2,1,1,178121.22,0
1285,15601284,Roberts,681,Germany,Male,50,9,92340.99,1,0,1,77521.17,0
1286,15601285,Green,705,Germany,Female,28,6,95658.65,2,1,1,101440.76,0
1287,15601286,Green,786,France,Female,31,8,0.0,1,1,0,172655.9,0
1288,15601287,Fowler,740,France,Male,53,4,0.0,2,1,1,152644.24,0
1289,15601288,Doyle,657,France,Male,33,7,101477.32,1,1,0,76122.73,1
1290,15601289,Wilson,538,Spain,Male,37,7,62185.66,2,1,0,5503.43,0
1291,15601290,Clarke,592,France,Male,28,8,81996.68,1,0,1,176187.57,1
1292,15601291,Wood,629,Spain,Female,48,9,46521.69,2,1,0,157485.01,0
1293,15601292,Harris,674,Spain,Female,48,0,95940.65,1,0,0,90383.01,0
1294,15601293,Green,604,France,Male,47,8,122130.72,1,1,1,109701.86,0
1295,15601294,Davies,560,France,Male,45,8,0.0,2,0,1,41658.09,0
1296,15601295,Green,536,France,Female,40,5,0.0,1,1,0,83008.12,1
1297,15601296,Davies,491,France,Female,33,5,122470.43,2,1,1,33475.89,0
1298,15601297,Walker,627,France,Male,30,7,96610.11,2,0,0,42903.35,0
1299,15601298,Green,509,Spain,Male,53,5,35372.27,2,0,0,169427.53,1
1300,15601299,Taylor,554,France,Male,47,4,0.0,2,0,0,73132.0,0
1301,15601300,Brown,612,France,Female,31,8,13086.61,2,1,0,163129.94,0
1302,15601301,Clarke,522,Spain,Male,39,8,147497.42,3,1,1,95306.07,0
1303,15601302,Johnson,686,Germany,Male,36,2,0.0,1,0,1,15084.78,1
1304,15601303,Fowler,721,France,Female,27,9,0.0,2,1,1,72943.91,0
1305,15601304,Wilson,597,Germany,Female,41,3,99808.13,2,0,1,32496.42,1
1306,15601305,Hall,608,Germany,Male,34,1,67659.42,1,1,1,139021.71,0
1307,15601306,Martin,702,Spain,Male,29,9,59373.29,1,1,1,182367.42,0
1308,15601307,Roberts,581,Spain,Male,23,2,0.0,1,1,0,152852.04,0
1309,15601308,Brown,575,France,Female,22,2,83003.13,2,1,1,155909.08,1
1310,15601309,Wilson,765,Germany,Male,35,2,0.0,1,1,1,172511.44,0
1311,15601310,Davies,735,France,Female,38,5,0.0,2,0,0,155556.27,0
1312,15601311,Wilson,708,Germany,Female,29,1,159963.73,2,1,0,114146.08,0
1313,15601312,Jackson,739,Spain,Male,46,1,0.0,2,0,0,143140.98,0
1314,15601313,Harris,460,France,Female,38,4,49743.57,1,0,0,83775.0,0
1315,15601314,Clarke,780,France,Male,45,2,27936.7,2,1,1,15086.81,0
1316,15601315,Davies,688,Spain,Male,37,2,0.0,2,1,1,141410.38,0
1317,15601316,Brown,747,Spain,Female,30,10,0.0,1,1,0,144610.53,0
1318,15601317,Johnson,687,France,Male,40,6,97369.3,1,1,0,45520.8,1
1319,15601318,Harris,655,Spain,Male,25,0,0.0,1,1,1,190834.37,0
1320,15601319,Turner,624,Germany,Male,45,1,0.0,3,0,0,11449.78,0
1321,15601320,Johnson,685,France,Male,29,8,29304.23,1,1,0,147455.85,1
1322,15601321,Walker,620,France,Male,49,2,0.0,1,1,1,193727.2,0
1323,15601322,Smith,733,France,Female,35,1,90484.68,1,0,1,62520.81,0
1324,15601323,Harris,498,Germany,Female,51,7,102942.17,1,1,1,182580.62,1
1325,15601324,Smith,598,France,Female,27,9,0.0,1,1,1,165460.81,0
1326,15601325,Fowler,846,Germany,Female,32,4,84998.61,2,1,0,149077.78,0
1327,15601326,Wilson,590,France,Male,43,8,138864.99,1,1,1,190804.52,0
1328,15601327,Wilson,627,Spain,Female,52,4,0.0,2,1,1,131157.36,0
1329,15601328,Davies,565,France,Male,57,1,0.0,1,1,1,99481.25,0
1330,15601329,Roberts,682,France,Male,39,8,37706.88,1,1,0,135460.52,0
1331,15601330,Smith,579,Germany,Female,59,10,0.0,2,1,1,82952.93,0
1332,15601331,Fowler,632,France,Male,36,10,104355.63,2,1,0,65652.55,0
1333,15601332,Hill,731,Spain,Male,51,1,0.0,2,1,0,17366.88,0
1334,15601333,Clarke,583,Germany,Male,29,6,23075.83,1,0,1,76223.71,0
1335,15601334,Wood,726,Germany,Male,44,6,0.0,2,1,1,160835.82,0
1336,15601335,Brown,729,Germany,Male,18,0,140604.92,2,1,0,189141.72,0
1337,15601336,Baker,751,France,Male,27,10,0.0,1,1,1,195055.19,0
1338,15601337,Roberts,663,Spain,Female,44,1,8906.45,2,1,0,42098.65,0
1339,15601338,Harris,850,Germany,Male,25,2,0.0,1,1,1,114714.92,0
1340,15601339,Harris,751,France,Male,44,10,74331.94,1,1,0,115573.88,0
1341,15601340,Taylor,681,France,Male,49,6,172531.61,2,1,0,36033.46,0
1342,15601341,Hall,566,Germany,Female,33,7,123898.5,2,0,1,116744.01,1
1343,15601342,Hall,641,France,Male,28,5,106470.6,2,1,0,73189.81,0
1344,15601343,Evans,787,Spain,Male,34,8,0.0,2,1,1,188538.88,0
1345,15601344,Wood,814,Germany,Male,28,0,117029.22,1,0,0,51785.24,0
1346,15601345,Wilson,792,Spain,Female,38,7,0.0,2,0,1,167157.28,0
1347,15601346,Hill,725,France,Female,40,0,0.0,4,1,0,179474.27,0
1348,15601347,Johnson,529,France,Female,36,1,0.0,1,1,1,147438.58,0
1349,15601348,Evans,697,France,Female,57,5,44634.32,1,1,1,43720.78,0
1350,15601349,King,531,France,Male,31,4,134257.26,3,0,1,52813.44,0
1351,15601350,Smith,507,Germany,Male,54,1,213283.87,1,1,0,194252.46,1
1352,15601351,Hall,673,Germany,Male,28,8,0.0,3,0,1,16089.98,1
1353,15601352,Walker,700,France,Male,40,3,120272.73,1,0,1,24300.1,1
1354,15601353,Wood,737,France,Male,52,9,66249.39,2,1,0,195735.38,0
1355,15601354,Doyle,698,Germany,Male,51,0,94694.37,2,1,1,155602.06,0
1356,15601355,Evans,701,France,Male,34,2,0.0,2,1,1,149530.39,0
1357,15601356,Harris,555,Spain,Female,45,3,89970.88,2,0,1,32881.34,0
1358,15601357,Wilson,640,France,Male,44,6,92396.75,1,0,0,98298.83,0
1359,15601358,Baker,505,Spain,Female,33,4,188944.88,2,1,0,168311.76,0
1360,15601359,Johnson,458,France,Female,46,1,0.0,3,0,1,66445.27,0
1361,15601360,Hill,721,Spain,Male,59,6,0.0,3,0,1,39360.26,0
1362,15601361,Doyle,578,France,Male,44,10,160846.45,3,0,1,3178.12,0
1363,15601362,Smith,734,Spain,Female,45,1,0.0,2,1,1,124885.95,0
1364,15601363,Evans,756,France,Female,46,2,80576.22,2,1,0,59468.25,0
1365,15601364,King,591,France,Male,23,5,44170.75,2,0,0,172870.81,0
1366,15601365,Smith,707,Spain,Male,44,7,0.0,2,1,1,57420.1,0
1367,15601366,Wilson,587,France,Female,28,1,0.0,2,1,1,31163.59,0
1368,15601367,Johnson,473,France,Female,33,2,0.0,1,1,1,192129.05,0
1369,15601368,Clarke,662,France,Male,63,2,0.0,1,1,1,192990.63,0
1370,15601369,Green,605,France,Male,36,6,96492.14,2,1,0,137319.74,0
1371,15601370,Johnson,608,France,Female,31,0,46678.25,1,1,0,185748.75,1
1372,15601371,Thomas,840,Germany,Male,52,7,63622.5,1,0,0,33204.88,0
1373,15601372,Smith,504,France,Female,29,4,65128.7,1,1,1,92607.83,0
1374,15601373,Evans,687,Germany,Male,34,3,0.0,2,0,0,41627.62,1
1375,15601374,Brown,554,Germany,Male,53,9,60931.28,3,1,1,96277.87,0
1376,15601375,White,737,France,Male,39,9,31601.77,2,1,0,158444.42,0
1377,15601376,Johnson,679,Spain,Male,22,8,0.0,3,0,0,169140.64,0
1378,15601377,Hall,686,Germany,Female,45,9,148711.58,2,0,0,1828.71,0
1379,15601378,Harris,559,Spain,Male,35,2,97065.64,1,0,1,78511.18,1
1380,15601379,Fowler,577,France,Female,56,9,0.0,1,0,0,198819.67,1
1381,15601380,King,739,France,Male,32,1,83226.95,1,1,1,118273.68,0
1382,15601381,White,820,France,Female,51,3,0.0,1,0,1,59942.99,0
1383,15601382,Brown,696,Spain,Female,59,6,0.0,2,1,0,78409.86,0
1384,15601383,Thomas,564,Germany,Female,30,8,67980.51,1,1,1,65190.19,1
1385,15601384,Jackson,683,Germany,Male,37,6,0.0,3,0,0,90072.09,0
1386,15601385,Roberts,850,France,Female,43,6,0.0,2,0,0,89452.84,0
1387,15601386,White,660,Spain,Male,30,4,67437.1,1,1,0,101865.8,0
1388,15601387,King,790,France,Female,42,6,144585.21,4,1,1,93436.7,0
1389,15601388,Wilson,579,Germany,Male,37,5,0.0,3,1,1,103706.62,0
1390,15601389,Hill,646,France,Male,36,5,38953.12,2,0,0,6569.8,0
1391,15601390,Evans,709,Germany,Male,40,6,61505.74,2,1,1,11830.95,0
1392,15601391,Hall,688,Germany,Female,40,6,62907.55,3,1,1,74857.65,0
1393,15601392,White,576,France,Female,41,3,134525.0,2,1,1,177103.37,0
1394,15601393,Brown,572,France,Male,32,1,98002.86,2,1,1,158375.63,0
1395,15601394,Baker,745,Germany,Female,33,3,0.0,1,1,1,22920.57,0
1396,15601395,Fowler,764,France,Female,38,4,119494.44,2,1,1,99471.36,0
1397,15601396,Green,795,Spain,Male,39,1,57197.26,2,1,0,121312.87,0
1398,15601397,Evans,823,Germany,Male,34,1,165013.76,1,1,1,96756.66,1
1399,15601398,Jackson,663,Spain,Female,43,10,89904.04,1,0,0,139815.76,0
1400,15601399,Brown,620,France,Female,19,3,0.0,1,1,1,199455.37,0
1401,15601400,Baker,780,France,Male,31,8,0.0,1,0,1,20198.35,0
1402,15601401,Fowler,718,France,Female,36,1,157756.06,1,1,0,103591.27,0
1403,15601402,Harris,556,Germany,Male,30,10,66617.18,1,1,0,102961.92,0
1404,15601403,Thomas,551,France,Female,57,2,142225.68,2,1,1,112913.38,0
1405,15601404,Roberts,697,France,Female,39,4,55605.98,2,1,1,34226.52,1
1406,15601405,Taylor,633,France,Female,41,8,0.0,2,0,1,128033.2,0
1407,15601406,Davies,647,Germany,Male,34,2,0.0,1,0,1,9823.84,0
1408,15601407,Evans,753,France,Male,39,6,41931.51,2,1,0,148483.57,0
1409,15601408,Taylor,723,Germany,Male,26,8,135239.71,1,0,0,132968.75,0
1410,15601409,Fowler,778,Spain,Male,37,0,109339.43,1,0,1,66754.31,0
1411,15601410,Davies,465,Germany,Female,29,0,0.0,2,1,0,197808.88,0
1412,15601411,Davies,674,Germany,Male,36,8,86070.65,3,1,1,165926.9,0
1413,15601412,Clarke,717,Germany,Male,18,2,59817.41,4,0,0,108367.59,0
1414,15601413,Thomas,503,Germany,Male,27,10,0.0,2,1,0,198111.57,1
1415,15601414,Green,587,France,Male,55,10,0.0,2,1,1,166188.04,0
1416,15601415,Thomas,569,Germany,Male,48,9,69611.25,2,1,1,28457.48,1
1417,15601416,Evans,652,Spain,Female,54,10,119357.7,2,0,1,118621.06,0
1418,15601417,Clarke,806,Spain,Female,54,9,91344.24,1,1,0,116590.67,1
1419,15601418,Jackson,844,Germany,Male,46,4,91323.17,1,1,1,130936.09,0
1420,15601419,Turner,572,Germany,Female,34,10,80913.72,4,0,1,188210.56,1
1421,15601420,Thomas,701,Spain,Female,28,3,0.0,3,1,1,98914.35,0
1422,15601421,Fowler,704,France,Male,52,6,108432.7,1,1,1,16398.91,0
1423,15601422,Hall,687,France,Female,40,0,74119.2,1,1,0,96386.94,1
1424,15601423,Davies,688,France,Male,66,10,40236.0,1,0,1,157771.08,0
1425,15601424,Hill,679,France,Male,35,6,145779.53,1,1,1,72363.15,0
1426,15601425,Martin,812,France,Male,61,10,95445.53,1,1,1,6393.88,0
1427,15601426,Wood,756,France,Male,37,3,0.0,2,0,1,61345.4,0
1428,15601427,Wood,548,France,Female,54,3,163703.11,1,0,0,136747.84,0
1429,15601428,Wood,726,Germany,Female,58,5,0.0,1,1,1,18115.88,1
1430,15601429,Turner,736,France,Female,28,9,0.0,1,0,0,75817.0,0
1431,15601430,Jackson,680,Germany,Female,34,6,0.0,2,1,0,27493.04,1
1432,15601431,Clarke,759,Spain,Female,28,8,101634.29,1,1,1,95709.79,0
1433,15601432,White,668,France,Female,25,2,0.0,1,0,0,29161.18,0
1434,15601433,Clarke,669,France,Male,46,8,0.0,2,1,1,22698.36,0
1435,15601434,Jackson,662,France,Male,37,8,162263.76,2,1,0,139861.96,1
1436,15601435,Johnson,456,Germany,Female,40,9,192091.91,1,0,0,32442.32,1
1437,15601436,Davies,642,France,Male,45,0,77832.59,2,1,0,31804.36,0
1438,15601437,Brown,586,Spain,Male,19,4,108451.11,1,1,0,118911.32,0
1439,15601438,King,536,Germany,Male,53,0,93134.52,2,1,0,9675.17,1
1440,15601439,Hall,788,Germany,Female,35,4,185177.88,1,1,0,7565.53,1
1441,15601440,Roberts,698,France,Male,45,8,0.0,3,1,0,86857.81,1
1442,15601441,Roberts,647,France,Male,46,7,110741.79,4,1,0,73654.0,0
1443,15601442,Jackson,596,France,Male,54,8,0.0,2,0,0,109379.26,1
1444,15601443,White,678,France,Male,38,8,0.0,3,0,0,198703.44,0
1445,15601444,Doyle,745,France,Female,18,10,70170.84,1,1,0,87506.59,0
1446,15601445,Turner,571,Spain,Male,40,9,191642.68,2,1,0,115635.62,1
1447,15601446,White,650,Germany,Female,41,6,53917.29,1,1,0,183929.48,1
1448,15601447,Doyle,733,Spain,Female,28,9,133492.1,1,0,0,97152.64,0
1449,15601448,Hall,464,Spain,Male,41,0,155926.97,2,1,0,156442.98,0
1450,15601449,Evans,644,France,Female,35,7,0.0,2,1,0,110181.85,0
1451,15601450,Davies,609,Germany,Female,24,5,96625.06,2,1,1,127804.24,0
1452,15601451,Martin,637,Spain,Female,46,10,0.0,2,0,0,186567.99,0
1453,15601452,Brown,602,Germany,Male,33,5,50610.99,2,0,0,1140.05,0
1454,15601453,Martin,663,Germany,Male,35,1,139885.42,3,0,1,180287.04,0
1455,15601454,Wood,835,France,Female,34,7,93337.35,2,1,1,100040.71,0
1456,15601455,Harris,619,France,Female,53,10,0.0,2,0,0,121746.11,0
1457,15601456,Clarke,678,France,Female,39,0,97323.67,1,1,1,90561.54,0
1458,15601457,Hall,841,France,Female,40,0,210560.22,2,0,1,52922.81,0
1459,15601458,Doyle,597,Germany,Male,34,7,0.0,2,0,1,14135.43,0
1460,15601459,Turner,824,France,Female,44,6,178297.55,3,1,1,189080.02,1
1461,15601460,Wood,651,Germany,Male,54,6,97342.68,1,1,1,125151.37,0
1462,15601461,Wilson,821,Spain,Female,46,0,0.0,1,1,1,174820.68,1
1463,15601462,Brown,722,France,Male,47,6,22626.21,1,0,0,58870.85,0
1464,15601463,Hill,679,France,Male,46,6,100155.87,1,1,1,56321.79,0
1465,15601464,Taylor,644,Spain,Female,24,9,0.0,2,1,1,67821.1,0
1466,15601465,Walker,590,Spain,Female,29,4,97670.98,1,1,0,46976.61,0
1467,15601466,King,657,France,Female,37,3,0.0,1,1,0,100096.17,0
1468,15601467,Evans,736,France,Male,31,0,110834.53,2,1,1,187312.07,0
1469,15601468,Wood,649,Spain,Male,27,6,157121.05,1,1,1,175336.47,1
1470,15601469,Harris,620,France,Female,18,7,53137.84,1,1,1,99524.99,0
1471,15601470,Turner,626,Germany,Male,24,3,44744.1,2,1,0,70403.73,0
1472,15601471,Evans,745,France,Male,36,8,90885.78,2,1,1,122725.87,1
1473,15601472,Johnson,768,France,Female,38,10,87874.13,4,1,0,122839.37,1
1474,15601473,Hall,586,France,Male,30,1,79777.73,2,1,1,137069.05,1
1475,15601474,Baker,586,Spain,Female,40,6,37275.26,4,0,0,107584.41,1
1476,15601475,Wilson,686,Spain,Male,34,7,155925.84,1,1,0,6324.3,1
1477,15601476,Hill,797,France,Female,51,0,0.0,2,0,0,16133.26,0
1478,15601477,Clarke,760,Germany,Female,37,1,0.0,2,1,0,194781.22,0
1479,15601478,Hall,530,France,Female,47,4,90700.89,2,0,0,149500.82,0
1480,15601479,Walker,625,France,Female,41,1,125663.59,1,0,1,189701.13,0
1481,15601480,Fowler,561,France,Male,24,3,120674.03,1,0,0,68565.59,0
1482,15601481,Roberts,624,France,Female,38,1,44664.89,1,0,1,107454.93,0
1483,15601482,Walker,804,Spain,Female,25,9,110196.16,2,0,1,65068.43,0
1484,15601483,Doyle,513,France,Female,38,6,196058.31,2,0,0,181878.07,0
1485,15601484,Taylor,495,Spain,Female,31,3,103838.67,1,1,1,58258.94,0
1486,15601485,Thomas,570,France,Female,43,8,139570.22,2,1,1,139068.45,0
1487,15601486,Harris,678,Germany,Female,24,0,0.0,2,1,1,35836.06,0
1488,15601487,Evans,710,France,Female,39,6,106887.73,2,1,1,21945.04,0
1489,15601488,Martin,692,Germany,Male,45,7,0.0,1,0,1,31971.28,0
1490,15601489,Hall,763,France,Male,49,8,120102.36,2,1,1,106361.6,0
1491,15601490,Davies,481,France,Female,31,2,131980.54,2,1,0,169063.67,0
1492,15601491,Roberts,764,Germany,Male,39,6,15630.98,2,1,0,199856.67,0
1493,15601492,Walker,620,Spain,Female,41,8,103601.66,2,1,1,124913.93,0
1494,15601493,Turner,720,Germany,Female,56,8,79875.72,2,1,0,107187.1,0
1495,15601494,Taylor,523,France,Male,23,1,0.0,1,1,1,157589.64,0
1496,15601495,King,650,Spain,Female,29,10,161278.04,3,1,0,13685.1,0
1497,15601496,Wood,673,Germany,Female,70,3,0.0,1,1,0,162070.05,0
1498,15601497,Taylor,761,Spain,Female,36,4,13287.7,2,0,1,151917.53,0
1499,15601498,Thomas,498,France,Male,18,2,133764.39,2,1,0,106378.76,0
1500,15601499,Hill,653,Spain,Female,33,1,11878.34,2,1,0,5574.41,0
1501,15601500,Hall,546,Spain,Male,18,2,0.0,2,0,1,41237.2,0
1502,15601501,Johnson,699,Germany,Female,42,1,139954.72,1,1,1,74572.81,1
1503,15601502,Wood,725,France,Male,48,8,98729.72,1,1,1,188303.22,0
1504,15601503,Doyle,774,France,Female,29,6,0.0,2,1,0,128059.28,0
1505,15601504,Walker,599,Germany,Female,34,4,65666.48,1,0,1,102508.43,0
1506,15601505,Smith,739,Spain,Female,49,6,13857.66,1,1,1,98196.86,0
1507,15601506,Hill,781,Spain,Male,20,6,24781.7,4,1,1,156215.17,1
1508,15601507,King,492,France,Female,24,2,75029.61,1,0,0,65402.42,0
1509,15601508,Baker,709,France,Female,36,3,0.0,1,1,0,19810.44,0
1510,15601509,Baker,742,Spain,Male,31,9,0.0,1,1,1,135731.62,0
1511,15601510,Clarke,625,France,Female,36,0,64564.81,2,0,1,66474.19,0
1512,15601511,Smith,534,France,Female,25,10,0.0,1,1,0,65792.97,0
1513,15601512,White,741,Spain,Female,41,10,98533.15,2,0,1,91488.33,0
1514,15601513,White,535,Spain,Female,37,2,111273.98,2,1,1,49304.07,0
1515,15601514,Smith,633,Germany,Female,45,3,0.0,1,1,0,184418.8,1
1516,15601515,Martin,646,France,Female,41,2,71085.47,1,0,1,169547.11,0
1517,15601516,Turner,719,France,Female,41,6,100118.31,1,1,0,198226.58,0
1518,15601517,Davies,590,Germany,Male,23,2,102980.45,2,1,1,192945.21,0
1519,15601518,Hall,584,France,Male,44,8,0.0,1,1,1,63576.61,0
1520,15601519,Martin,659,France,Female,35,4,125558.92,1,1,1,76738.99,0
1521,15601520,Brown,747,France,Male,37,10,98246.82,1,1,1,139953.34,0
1522,15601521,Turner,850,Spain,Female,51,9,121022.69,1,1,1,4153.33,0
1523,15601522,Taylor,505,Germany,Male,31,4,19223.6,2,0,0,198783.89,1
1524,15601523,Turner,680,Germany,Male,54,6,72632.48,1,1,1,3157.77,0
1525,15601524,Smith,546,Spain,Male,55,0,0.0,3,1,1,106765.7,0
1526,15601525,Clarke,748,France,Male,47,0,0.0,1,1,0,134071.36,0
1527,15601526,Roberts,560,France,Male,28,5,12718.59,2,1,1,182915.12,0
1528,15601527,Wilson,585,France,Male,18,5,38923.99,2,1,0,129183.13,0
1529,15601528,Evans,593,France,Female,51,4,0.0,1,1,1,119796.79,0
1530,15601529,Smith,643,France,Male,40,0,0.0,2,1,1,60771.5,0
1531,15601530,Jackson,681,France,Male,31,9,38938.51,2,0,1,118593.36,0
1532,15601531,Turner,696,France,Male,52,4,139869.57,2,1,1,150190.6,0
1533,15601532,Hall,649,Spain,Male,30,5,142124.15,3,1,0,103602.74,0
1534,15601533,Brown,522,Spain,Male,34,4,0.0,2,1,1,156147.42,0
1535,15601534,Jackson,720,France,Female,45,5,136679.03,1,1,1,14853.0,0
1536,15601535,Evans,645,France,Female,27,7,77263.14,3,1,0,67740.11,0
1537,15601536,Baker,762,Germany,Male,38,8,78747.39,1,1,0,192002.97,0
1538,15601537,Brown,582,Spain,Female,51,6,0.0,2,0,1,65365.44,0
1539,15601538,Roberts,496,Germany,Male,41,1,99225.1,2,1,1,124749.21,1
1540,15601539,Thomas,647,France,Male,53,9,60965.59,2,1,0,104457.07,0
1541,15601540,King,774,Germany,Female,51,3,66181.36,3,0,0,187388.18,0
1542,15601541,Hill,665,France,Male,39,0,122994.52,1,1,0,33391.6,0
1543,15601542,Hall,631,France,Female,18,0,155149.66,2,1,1,60578.23,0
1544,15601543,Harris,566,France,Male,27,8,0.0,1,0,0,172613.08,1
1545,15601544,Wilson,819,France,Male,47,4,188687.37,2,1,1,133574.31,0
1546,15601545,Roberts,551,France,Male,22,0,51196.64,2,1,1,109066.82,0
1547,15601546,Taylor,580,France,Male,35,8,0.0,1,0,0,79585.18,0
1548,15601547,Evans,705,Germany,Female,43,3,0.0,2,0,1,82851.77,1
1549,15601548,Baker,472,France,Male,55,10,47549.15,1,1,0,187049.61,1
1550,15601549,Wilson,772,France,Female,33,9,74946.93,2,1,0,134544.05,0
1551,15601550,Doyle,710,France,Female,32,0,0.0,3,1,1,185890.58,0
1552,15601551,Green,736,France,Female,38,7,0.0,2,0,1,194465.04,0
1553,15601552,Thomas,704,France,Male,43,6,0.0,2,0,1,109854.59,0
1554,15601553,White,635,France,Male,37,1,0.0,1,1,0,122367.9,0
1555,15601554,Fowler,548,France,Male,51,3,68299.67,1,1,0,131616.62,0
1556,15601555,King,637,Germany,Female,30,5,94947.82,1,1,0,167994.63,0
1557,15601556,Jackson,556,Germany,Male,40,1,158184.76,1,1,1,132155.27,0
1558,15601557,Martin,697,France,Female,44,7,127229.84,1,1,0,23814.84,1
1559,15601558,Davies,727,Spain,Female,35,3,0.0,2,1,1,188543.59,0
1560,15601559,Evans,792,Germany,Male,48,10,123440.85,2,1,1,132525.94,0
1561,15601560,Wilson,686,Germany,Female,41,8,96146.51,1,0,1,174113.54,0
1562,15601561,Martin,739,Spain,Male,48,6,84619.55,2,1,0,85522.81,0
1563,15601562,Johnson,621,Germany,Female,41,1,0.0,3,1,0,95468.56,1
1564,15601563,Roberts,604,Germany,Male,43,0,101250.38,1,1,1,138082.41,0
1565,15601564,Brown,695,Germany,Female,32,1,0.0,2,0,1,155504.39,0
1566,15601565,Wood,613,France,Female,32,5,0.0,1,0,1,16613.28,0
1567,15601566,Turner,676,France,Female,52,8,0.0,2,1,1,82061.22,0
1568,15601567,Jackson,548,France,Male,46,1,0.0,2,0,0,154201.42,0
1569,15601568,Johnson,565,France,Female,28,7,0.0,1,1,0,198454.95,0
1570,15601569,Davies,711,France,Male,41,0,86606.1,1,1,0,3316.85,0
1571,15601570,Fowler,735,France,Female,18,2,0.0,2,0,1,53696.84,0
1572,15601571,Thomas,555,Spain,Male,33,6,0.0,1,1,1,93504.87,0
1573,15601572,Doyle,714,Spain,Male,50,9,71054.31,2,1,1,45365.4,0
1574,15601573,Jackson,599,Germany,Male,38,8,169674.2,2,0,1,6357.52,0
1575,15601574,Roberts,652,France,Male,40,5,87876.77,1,1,0,108369.06,0
1576,15601575,Taylor,786,France,Male,18,0,99821.74,2,1,1,130230.32,0
1577,15601576,Martin,728,Germany,Female,35,3,0.0,2,1,1,83796.35,0
1578,15601577,Clarke,726,Germany,Male,43,8,114096.9,1,0,0,74605.74,0
1579,15601578,Wood,833,Germany,Female,44,0,95135.12,3,1,1,197136.5,1
1580,15601579,Wilson,582,Germany,Male,50,7,53429.68,1,1,1,96028.18,0
1581,15601580,Brown,555,Germany,Female,37,7,99902.78,2,0,1,159815.82,1
1582,15601581,Hall,581,France,Female,37,8,99356.69,1,1,0,58147.66,0
1583,15601582,White,626,France,Male,24,2,31728.16,1,1,1,166207.46,0
1584,15601583,Martin,424,France,Female,37,2,108251.95,2,1,1,164916.24,0
1585,15601584,White,630,Spain,Female,25,2,155842.45,2,1,1,54272.72,0
1586,15601585,Fowler,598,Germany,Female,19,4,77463.22,1,1,0,131515.14,0
1587,15601586,Turner,725,France,Male,27,5,42282.32,2,1,0,136720.98,0
1588,15601587,Smith,684,Spain,Male,56,1,80233.1,2,1,1,89080.49,1
1589,15601588,Fowler,592,France,Female,36,6,137003.73,1,1,0,154982.23,1
1590,15601589,Green,707,France,Male,41,2,22552.46,2,1,0,62070.17,0
1591,15601590,Evans,719,France,Female,33,6,0.0,2,1,1,97370.1,0
1592,15601591,Hill,576,France,Male,19,3,0.0,2,1,0,198040.19,0
1593,15601592,Smith,603,Germany,Female,49,10,103313.47,2,1,0,36556.46,0
1594,15601593,Doyle,436,France,Male,18,3,0.0,2,1,1,30408.76,0
1595,15601594,Evans,545,Germany,Male,33,9,58814.07,3,0,0,29297.54,0
1596,15601595,Clarke,579,Spain,Female,38,1,173770.22,2,1,1,199623.75,0
1597,15601596,Jackson,657,France,Female,42,0,12500.24,1,0,0,32822.74,0
1598,15601597,Fowler,559,France,Female,31,2,116695.14,1,1,0,38857.61,0
1599,15601598,Doyle,601,Germany,Female,19,4,185222.84,3,1,0,139262.53,1
1600,15601599,Hall,532,France,Male,30,9,127703.71,2,1,0,152139.83,0
1601,15601600,Harris,666,Germany,Male,31,1,0.0,1,0,0,105885.2,0
1602,15601601,Fowler,691,France,Male,30,8,19513.07,1,1,1,196551.15,0
1603,15601602,Wilson,689,Spain,Male,50,7,0.0,1,1,1,8742.87,0
1604,15601603,Hill,651,Germany,Male,26,3,98684.94,2,1,0,124543.35,0
1605,15601604,Thomas,502,France,Female,42,3,102426.85,3,1,0,121687.39,1
1606,15601605,Davies,590,France,Male,41,10,20056.69,2,1,1,64927.71,0
1607,15601606,Doyle,611,Germany,Male,50,7,41998.34,1,0,1,179988.65,0
1608,15601607,Turner,611,France,Male,38,2,45368.46,2,1,0,111023.46,0
1609,15601608,White,657,France,Male,48,10,80058.93,1,1,0,50021.71,0
1610,15601609,Green,787,France,Male,37,4,199158.25,1,1,0,18583.34,0
1611,15601610,White,728,France,Female,44,0,38674.71,1,1,1,22316.66,0
1612,15601611,Taylor,555,Germany,Male,22,8,0.0,2,1,0,179568.52,0
1613,15601612,Baker,715,Germany,Female,18,9,27677.28,2,1,1,50811.44,0
1614,15601613,Davies,711,France,Female,43,4,0.0,1,0,0,181494.06,0
1615,15601614,Davies,573,Germany,Female,44,7,87726.21,1,1,0,24903.46,1
1616,15601615,Green,731,France,Female,44,2,40707.54,2,1,1,196803.12,0
1617,15601616,Green,635,France,Male,33,9,0.0,1,0,0,166836.47,0
1618,15601617,Hall,515,Spain,Male,55,4,46466.93,1,1,1,24129.52,0
1619,15601618,Harris,694,Germany,Male,34,2,0.0,1,1,1,18125.24,0
1620,15601619,Brown,671,France,Female,44,5,0.0,1,0,1,160884.0,0
1621,15601620,Jackson,628,France,Female,46,2,0.0,1,1,0,16535.18,0
1622,15601621,Doyle,646,Spain,Male,58,6,0.0,2,1,0,53174.02,1
1623,15601622,Smith,581,Germany,Male,36,8,53426.35,1,1,0,160448.71,1
1624,15601623,Thomas,709,France,Female,32,4,16113.0,1,0,1,181608.42,1
1625,15601624,Roberts,646,France,Female,23,8,130352.94,2,1,1,153762.76,0
1626,15601625,Wood,666,Spain,Female,56,4,127364.48,1,1,0,178088.67,1
1627,15601626,Walker,684,France,Female,44,10,64364.45,2,1,0,112417.77,0
1628,15601627,Harris,539,France,Female,44,2,156733.37,1,1,0,156142.62,0
1629,15601628,Green,564,France,Female,73,7,91160.88,3,1,0,69493.08,1
1630,15601629,Hall,438,France,Male,43,5,0.0,1,0,0,157257.6,0
1631,15601630,Clarke,704,France,Male,25,10,106290.84,2,1,1,136268.44,0
1632,15601631,Jackson,534,Germany,Female,37,2,80257.53,2,1,1,115391.18,1
1633,15601632,Evans,663,Spain,Female,28,2,0.0,2,0,0,198467.96,0
1634,15601633,Thomas,686,Spain,Male,35,9,81995.49,2,0,0,94486.13,1
1635,15601634,Smith,708,Germany,Female,35,9,136312.79,1,1,0,124230.2,1
1636,15601635,Green,534,France,Male,33,8,62052.57,1,1,0,102471.23,0
1637,15601636,Doyle,644,France,Female,24,5,114185.78,2,1,1,52841.76,0
1638,15601637,Wood,810,Germany,Male,57,4,30449.53,2,0,0,66742.73,0
1639,15601638,Evans,815,France,Female,42,7,132903.21,1,1,1,195778.37,0
1640,15601639,Smith,745,Spain,Male,37,8,107211.77,2,0,1,79029.98,0
1641,15601640,Thomas,682,Germany,Male,47,3,0.0,2,1,1,136201.85,0
1642,15601641,Baker,554,France,Male,44,0,77679.2,2,1,1,113852.36,0
1643,15601642,Green,719,France,Female,42,0,141229.25,2,1,1,178071.25,1
1644,15601643,Wilson,635,France,Male,47,3,20753.21,2,1,1,151780.33,0
1645,15601644,Evans,704,France,Male,40,7,31097.74,1,1,0,17049.63,0
1646,15601645,Hall,589,France,Female,46,4,86177.67,2,1,1,71732.93,1
1647,15601646,Walker,633,France,Male,47,6,207333.19,1,1,0,142670.8,0
1648,15601647,Green,666,Germany,Male,41,5,0.0,1,1,0,33110.0,0
1649,15601648,Fowler,674,Germany,Male,37,2,0.0,2,1,1,101184.4,0
1650,15601649,Martin,697,Germany,Female,56,8,0.0,2,1,0,64236.04,1
1651,15601650,Hall,594,France,Male,34,7,57576.41,1,1,0,13886.09,0
1652,15601651,Hill,521,France,Male,43,10,0.0,2,1,0,199432.07,0
1653,15601652,Thomas,806,France,Male,44,9,65369.09,1,0,0,185943.56,0
1654,15601653,King,850,France,Male,32,4,70320.74,1,1,0,149757.7,0
1655,15601654,Turner,693,Germany,Male,30,7,0.0,2,0,0,41004.14,0
1656,15601655,Walker,523,France,Male,35,3,88656.01,2,1,1,197716.71,0
1657,15601656,Brown,576,France,Male,34,9,139450.14,2,1,1,126527.66,0
1658,15601657,Walker,699,Germany,Male,23,6,93158.42,1,0,0,193249.01,0
1659,15601658,Wilson,779,France,Female,32,9,0.0,2,1,1,9473.2,0
1660,15601659,Martin,534,France,Male,42,3,121918.01,1,1,1,35520.67,0
1661,15601660,Jackson,638,France,Male,53,0,0.0,3,1,1,135772.13,0
1662,15601661,Brown,669,Spain,Female,45,1,55464.09,1,1,1,181528.76,0
1663,15601662,Taylor,733,Germany,Female,18,5,63255.5,2,1,1,35980.66,0
1664,15601663,Hall,617,France,Female,46,10,0.0,1,1,0,64102.55,0
1665,15601664,Hall,500,Germany,Male,33,6,0.0,1,1,1,118047.29,0
1666,15601665,Thomas,710,Germany,Male,44,8,98029.93,1,1,1,199932.54,0
1667,15601666,Evans,758,Germany,Male,39,5,184348.16,2,1,1,160133.35,1
1668,15601667,Baker,642,France,Male,37,10,119057.62,3,0,0,184788.99,0
1669,15601668,Roberts,689,France,Male,38,10,0.0,2,1,1,135327.49,0
1670,15601669,White,604,Germany,Female,39,2,0.0,1,1,1,175596.88,0
1671,15601670,Turner,569,France,Male,54,9,78639.64,1,1,0,101901.96,1
1672,15601671,Wilson,749,Spain,Female,39,0,134647.04,2,1,1,25707.57,0
1673,15601672,White,687,Germany,Male,51,6,0.0,1,1,1,142201.93,0
1674,15601673,Harris,697,France,Male,49,4,0.0,3,1,1,120693.51,0
1675,15601674,Smith,794,Germany,Female,46,3,80038.1,1,0,0,97584.66,1
1676,15601675,Smith,549,Germany,Female,19,10,129435.02,2,1,1,55723.19,0
1677,15601676,Walker,597,Spain,Male,51,7,2150.81,2,1,1,157056.4,0
1678,15601677,Hall,665,France,Female,34,1,178230.02,1,0,0,164261.61,1
1679,15601678,White,596,Germany,Male,47,1,28813.41,1,1,1,73472.94,0
1680,15601679,White,725,Spain,Male,28,1,133655.28,2,1,0,185625.55,1
1681,15601680,Davies,632,Spain,Female,26,3,0.0,1,0,1,74578.6,0
1682,15601681,Jackson,555,Germany,Male,61,0,0.0,2,1,1,22404.94,0
1683,15601682,Fowler,656,Spain,Male,28,2,76739.4,2,0,1,34139.15,1
1684,15601683,Wood,666,France,Male,52,8,104058.25,1,1,1,99408.58,0
1685,15601684,Thomas,740,France,Male,40,9,115163.85,2,1,0,16892.74,0
1686,15601685,Harris,688,France,Male,34,8,0.0,1,1,1,143964.1,0
1687,15601686,Turner,694,Spain,Male,39,5,0.0,2,1,0,159224.08,0
1688,15601687,Green,681,Spain,Female,25,7,0.0,1,1,1,110344.2,0
1689,15601688,Hall,632,Spain,Female,39,10,184252.08,2,1,0,178776.34,1
1690,15601689,Baker,581,France,Male,27,0,95113.49,1,1,1,190903.01,0
1691,15601690,Wilson,678,Germany,Male,35,9,149259.22,1,1,1,90068.64,1
1692,15601691,Walker,618,Germany,Female,49,7,113579.58,1,1,0,18736.31,0
1693,15601692,Roberts,812,France,Male,42,4,0.0,1,0,0,47021.56,0
1694,15601693,Wilson,779,Spain,Male,23,4,99967.88,2,1,0,131865.59,0
1695,15601694,Wood,711,Spain,Female,48,4,0.0,1,1,0,81751.09,0
1696,15601695,White,686,Spain,Male,39,1,0.0,1,0,0,137316.87,0
1697,15601696,Roberts,642,France,Male,33,2,112707.11,1,0,1,133680.3,0
1698,15601697,Taylor,529,Germany,Male,47,3,137594.96,1,0,1,121468.26,0
1699,15601698,Green,629,Germany,Male,37,0,0.0,1,0,1,32408.68,0
1700,15601699,Evans,660,Spain,Male,26,5,0.0,1,1,0,57897.14,0
1701,15601700,Doyle,672,Germany,Female,59,5,182304.86,2,1,0,76194.46,1
1702,15601701,White,695,Germany,Male,39,3,0.0,2,1,0,165059.18,0
1703,15601702,Taylor,738,France,Female,38,1,44719.59,2,0,1,136762.34,0
1704,15601703,Roberts,584,Spain,Female,35,10,28173.93,1,1,1,129341.92,0
1705,15601704,King,584,France,Male,52,7,0.0,2,1,1,134755.33,0
1706,15601705,Doyle,789,Germany,Male,33,5,0.0,2,1,1,101137.21,0
1707,15601706,Evans,724,France,Male,22,7,0.0,2,0,1,8886.71,0
1708,15601707,Doyle,612,France,Female,32,4,52483.06,1,1,1,41023.02,0
1709,15601708,Evans,640,Germany,Male,54,2,119135.86,1,0,0,28920.13,0
1710,15601709,Taylor,640,France,Female,48,7,201669.99,1,1,1,13735.34,0
1711,15601710,King,653,Germany,Female,36,8,0.0,1,1,1,64575.85,0
1712,15601711,Taylor,695,France,Female,54,7,151742.9,2,1,0,157758.31,0
1713,15601712,Hall,850,Germany,Female,47,6,0.0,1,0,1,23911.23,0
1714,15601713,Walker,668,Germany,Female,36,0,0.0,1,0,1,23173.08,1
1715,15601714,Evans,714,France,Female,37,7,113456.53,1,1,1,25728.54,0
1716,15601715,Martin,488,Germany,Female,43,6,53724.32,1,1,0,54694.52,1
1717,15601716,Jackson,603,France,Female,30,4,0.0,1,1,0,41239.22,0
1718,15601717,Brown,768,Spain,Female,39,2,137000.36,1,1,1,3778.26,0
1719,15601718,Turner,689,Spain,Female,42,10,149966.1,2,0,0,56023.96,0
1720,15601719,Harris,350,Germany,Male,20,4,0.0,1,1,0,199262.6,0
1721,15601720,Davies,715,France,Female,37,2,0.0,2,1,0,67960.8,0
1722,15601721,Turner,834,France,Male,36,7,73742.44,3,1,0,43040.55,0
1723,15601722,Doyle,458,Spain,Female,50,5,0.0,2,1,1,99647.07,0
1724,15601723,Taylor,796,Spain,Male,19,6,94136.13,2,1,1,46644.32,0
1725,15601724,Baker,384,France,Female,35,7,104047.17,1,1,0,112369.4,1
1726,15601725,Turner,740,France,Female,34,4,75110.93,2,0,1,80730.51,0
1727,15601726,Harris,649,France,Female,50,1,103294.12,3,1,0,179471.42,1
1728,15601727,Doyle,424,Germany,Male,39,1,112929.57,1,0,0,185655.93,1
1729,15601728,Smith,693,France,Female,59,10,104127.41,1,1,1,142899.19,0
1730,15601729,Wood,760,France,Female,46,5,0.0,2,1,1,43923.16,0
1731,15601730,Johnson,685,Germany,Female,34,4,0.0,1,0,0,95305.81,0
1732,15601731,Turner,706,France,Female,42,3,112541.36,2,0,1,61779.21,0
1733,15601732,Baker,610,Spain,Female,35,7,0.0,1,1,0,159857.22,0
1734,15601733,Harris,471,France,Female,48,10,0.0,1,0,1,6805.65,0
1735,15601734,Turner,716,Germany,Male,24,8,0.0,2,1,0,132835.85,1
1736,15601735,Smith,818,Spain,Female,30,5,138298.36,2,0,1,65322.14,0
1737,15601736,King,758,Germany,Male,44,5,0.0,2,1,1,96719.91,0
1738,15601737,Brown,459,France,Female,52,9,153162.43,2,1,0,65276.0,1
1739,15601738,Hill,505,Spain,Female,18,9,156119.56,2,0,1,73593.22,0
1740,15601739,Brown,569,Germany,Male,54,4,165921.16,1,1,1,135198.17,1
1741,15601740,White,497,France,Male,37,10,0.0,4,0,0,119503.37,0
1742,15601741,Baker,654,France,Male,18,9,219807.55,1,1,1,49573.76,0
1743,15601742,Hall,688,France,Female,18,9,0.0,1,1,1,9683.89,0
1744,15601743,Smith,513,Germany,Male,22,0,206824.27,2,0,0,171348.34,0
1745,15601744,Hall,725,Spain,Male,39,1,132256.47,1,0,1,98969.03,0
1746,15601745,Roberts,708,Spain,Female,38,3,0.0,2,1,0,124127.31,0
1747,15601746,Roberts,597,Spain,Male,46,8,72397.92,1,1,1,98211.36,0
1748,15601747,Wilson,633,Spain,Female,33,0,136446.11,1,1,1,124169.1,1
1749,15601748,Walker,463,France,Male,27,0,168483.58,1,1,1,125767.52,1
1750,15601749,Wilson,618,France,Male,34,0,30195.27,2,1,1,3993.07,0
1751,15601750,King,651,Spain,Male,39,2,81017.05,2,0,1,107118.56,0
1752,15601751,Davies,666,France,Male,42,10,0.0,1,0,0,100919.49,0
1753,15601752,Fowler,686,Germany,Male,30,7,80191.69,1,1,0,20067.69,1
1754,15601753,Wilson,673,Germany,Female,49,7,0.0,1,1,1,149430.49,0
1755,15601754,Thomas,625,France,Male,32,3,78022.78,1,0,0,47936.01,0
1756,15601755,Hall,677,Spain,Male,29,6,250000.0,2,0,1,11850.54,0
1757,15601756,Wood,746,France,Male,33,8,184479.19,2,1,0,160828.64,0
1758,15601757,Evans,641,Germany,Male,51,5,10830.39,1,1,0,173161.22,1
1759,15601758,Walker,680,Germany,Female,38,9,120565.61,1,1,0,48898.26,1
1760,15601759,Evans,632,Germany,Male,31,6,133941.21,2,1,1,137821.56,0
1761,15601760,Fowler,588,France,Female,49,3,0.0,1,1,0,1985.18,0
1762,15601761,Roberts,700,France,Male,63,7,0.0,1,1,0,144508.84,0
1763,15601762,Evans,597,France,Male,41,10,105179.02,2,1,1,93499.27,0
1764,15601763,Wilson,687,France,Male,53,9,0.0,1,1,1,158704.14,0
1765,15601764,Wood,653,France,Male,50,5,0.0,1,1,1,79213.76,0
1766,15601765,White,621,France,Female,32,6,0.0,1,1,0,70864.07,1
1767,15601766,Brown,618,Germany,Male,39,10,95467.14,2,0,0,168316.19,0
1768,15601767,Roberts,601,France,Male,25,8,51029.05,1,0,1,8690.69,0
1769,15601768,Roberts,492,France,Female,37,5,46309.31,2,0,0,38245.83,1
1770,15601769,Roberts,687,Germany,Female,32,3,0.0,1,0,0,83013.64,1
1771,15601770,Davies,672,Spain,Female,35,9,138738.3,1,0,1,119671.29,0
1772,15601771,Smith,732,Germany,Female,31,10,0.0,2,1,0,2017.39,1
1773,15601772,Doyle,599,Spain,Female,36,0,179250.2,1,1,1,115454.39,0
1774,15601773,Fowler,832,Germany,Female,45,0,51729.87,1,1,0,76320.02,0
1775,15601774,Johnson,614,Spain,Female,38,1,0.0,1,1,0,126370.41,0
1776,15601775,Harris,566,Spain,Male,18,4,70513.75,2,1,0,181487.79,0
1777,15601776,Johnson,555,Spain,Female,31,1,0.0,1,1,1,88733.53,1
1778,15601777,Martin,484,France,Male,22,9,47012.67,2,0,1,111361.15,0
1779,15601778,King,797,France,Female,42,10,0.0,1,0,1,93095.19,0
1780,15601779,Smith,782,France,Female,45,1,0.0,1,0,0,24585.88,0
1781,15601780,Evans,708,France,Male,42,9,184351.41,1,1,1,158829.48,1
1782,15601781,Wilson,564,Germany,Female,30,1,94949.37,1,0,1,177153.95,0
1783,15601782,Davies,824,France,Female,42,8,120383.35,2,1,1,162481.85,0
1784,15601783,Wilson,616,France,Male,34,4,0.0,1,1,1,189571.72,0
1785,15601784,Wilson,624,France,Male,26,0,137171.38,3,1,1,94137.68,0
1786,15601785,Jackson,788,Germany,Female,47,4,49848.52,1,1,1,130812.03,0
1787,15601786,Davies,713,France,Female,48,9,123004.93,2,1,0,34499.98,0
1788,15601787,Doyle,850,Spain,Male,49,10,0.0,1,1,1,195384.82,1
1789,15601788,Davies,674,Germany,Male,32,1,0.0,2,1,0,116530.26,0
1790,15601789,Turner,612,France,Female,52,9,0.0,1,0,1,53070.96,1
1791,15601790,Turner,591,Germany,Male,34,3,111213.64,2,1,0,161269.48,1
1792,15601791,Johnson,473,France,Male,46,5,66172.47,3,1,0,117711.73,1
1793,15601792,Green,623,France,Male,33,1,40869.08,2,0,0,189985.32,0
1794,15601793,Turner,760,Spain,Male,37,10,77719.21,1,1,1,154225.5,0
1795,15601794,Doyle,707,Germany,Female,18,8,0.0,2,1,0,175575.7,0
1796,15601795,Johnson,652,France,Female,36,7,67161.55,1,1,1,109783.35,0
1797,15601796,Smith,554,Spain,Female,40,7,0.0,1,1,1,103944.38,0
1798,15601797,Taylor,672,France,Female,34,9,0.0,1,1,0,151707.97,0
1799,15601798,Baker,747,Spain,Male,58,1,0.0,2,0,1,21897.78,0
1800,15601799,Brown,691,Spain,Male,26,2,0.0,1,0,1,11752.29,0
1801,15601800,Taylor,666,Spain,Male,33,0,55031.3,2,1,1,196756.75,0
1802,15601801,Brown,573,Spain,Male,29,5,72106.63,2,1,0,183342.81,0
1803,15601802,Davies,733,France,Male,33,5,0.0,1,1,1,191176.53,0
1804,15601803,Turner,350,Spain,Male,50,0,0.0,1,1,0,13410.45,0
1805,15601804,Hill,687,Spain,Male,55,7,51446.37,2,1,1,54590.98,0
1806,15601805,Thomas,850,Spain,Male,31,0,0.0,1,0,1,180406.93,0
1807,15601806,Hall,505,France,Female,31,8,87212.82,1,0,0,18806.44,0
1808,15601807,Hill,627,France,Female,26,7,27329.47,1,1,0,90835.47,0
1809,15601808,Johnson,649,France,Female,53,8,74132.24,2,1,1,68916.98,0
1810,15601809,Turner,606,France,Female,51,1,121863.6,1,0,0,176090.25,0
1811,15601810,Brown,749,France,Female,38,9,121467.6,1,1,0,104097.15,0
1812,15601811,Smith,695,France,Male,24,6,77351.96,1,1,0,58784.46,1
1813,15601812,Wilson,665,Spain,Female,25,9,127222.5,1,1,1,105335.93,0
1814,15601813,Johnson,727,France,Male,41,7,36102.45,3,1,0,23376.79,1
1815,15601814,Walker,652,Germany,Male,45,7,37805.67,2,1,1,146509.34,0
1816,15601815,Fowler,850,Spain,Male,18,0,76180.98,2,1,1,124049.17,0
1817,15601816,Roberts,665,Germany,Male,35,7,172366.14,2,1,1,120541.05,0
1818,15601817,Thomas,669,France,Male,57,4,0.0,1,1,1,88131.03,0
1819,15601818,Brown,486,France,Female,37,9,74854.88,2,0,1,59554.59,1
1820,15601819,Baker,598,Spain,Female,55,7,174927.59,3,1,0,14010.75,1
1821,15601820,Taylor,760,Germany,Female,46,0,74218.39,2,1,0,189459.47,1
1822,15601821,Fowler,522,France,Female,27,9,212910.33,2,1,0,83894.23,0
1823,15601822,Hill,443,Spain,Male,36,0,0.0,1,1,0,99688.42,0
1824,15601823,Clarke,653,Spain,Male,38,3,0.0,2,0,0,75777.58,0
1825,15601824,Roberts,782,Spain,Female,29,2,80850.09,1,1,1,197587.59,0
1826,15601825,Brown,654,France,Male,28,10,76300.37,2,0,0,159438.23,0
1827,15601826,Smith,618,Spain,Male,56,1,45575.4,1,0,0,20056.28,1
1828,15601827,Smith,472,France,Male,28,9,233108.57,2,1,1,122026.84,0
1829,15601828,Evans,693,Germany,Female,51,2,0.0,2,1,0,97442.28,1
1830,15601829,Jackson,713,France,Female,34,7,115533.73,2,1,1,158877.06,1
1831,15601830,Wood,479,France,Male,39,0,64596.64,1,1,0,199465.89,0
1832,15601831,Clarke,759,Germany,Female,45,4,58228.18,2,0,1,149117.04,0
1833,15601832,Fowler,724,France,Male,32,6,146405.71,3,0,0,173120.84,0
1834,15601833,Green,759,France,Male,45,7,0.0,2,0,0,101024.46,0
1835,15601834,White,706,France,Male,18,9,27142.45,2,1,1,75346.0,0
1836,15601835,Doyle,713,France,Male,44,8,76398.03,2,1,0,129012.66,0
1837,15601836,Green,700,France,Female,18,5,164307.6,2,0,0,150134.26,1
1838,15601837,Fowler,733,France,Male,37,3,69401.57,1,1,0,46279.25,0
1839,15601838,King,475,Germany,Female,48,2,112888.34,1,1,1,101174.11,1
1840,15601839,Clarke,506,Spain,Male,46,10,91525.08,2,1,0,23644.41,0
1841,15601840,Hall,579,France,Female,25,6,161294.21,3,1,1,44054.21,0
1842,15601841,Hall,638,Spain,Female,26,9,2840.23,1,1,1,176489.92,0
1843,15601842,Jackson,687,France,Female,31,4,130477.98,1,1,1,29801.66,0
1844,15601843,Evans,681,Germany,Female,41,5,79060.56,1,1,1,162458.3,1
1845,15601844,Turner,757,France,Female,18,9,140868.63,2,0,0,75146.55,0
1846,15601845,Smith,760,Spain,Male,39,7,44939.48,2,0,1,133040.75,0
1847,15601846,Harris,566,France,Female,42,2,91341.62,2,1,0,182154.95,1
1848,15601847,White,673,Spain,Female,36,5,0.0,1,1,0,156398.84,0
1849,15601848,Martin,569,France,Male,45,2,34866.05,1,0,1,165362.28,0
1850,15601849,Johnson,632,Germany,Male,41,8,19577.28,2,1,1,52968.66,0
1851,15601850,Evans,681,France,Male,33,0,58077.38,1,1,0,72973.25,0
1852,15601851,Wood,350,Germany,Male,18,9,97146.21,1,0,1,146825.61,1
1853,15601852,Hall,850,Spain,Male,40,10,48369.83,1,0,1,155669.68,0
1854,15601853,Jackson,704,Germany,Male,29,0,71845.95,2,1,0,158220.4,1
1855,15601854,Wood,593,Germany,Female,33,6,0.0,1,1,1,148281.49,1
1856,15601855,Smith,835,Germany,Male,44,0,69614.25,1,0,1,47092.9,0
1857,15601856,Harris,617,France,Female,55,3,146297.27,1,1,1,58528.24,0
1858,15601857,Thomas,663,France,Male,39,3,128784.92,3,1,1,188466.16,0
1859,15601858,Turner,603,France,Female,45,5,0.0,1,1,0,111218.22,0
1860,15601859,Roberts,809,France,Male,23,10,0.0,1,0,1,151135.63,0
1861,15601860,Roberts,640,Spain,Male,42,5,44445.68,1,0,0,120239.94,1
1862,15601861,Hall,664,Germany,Male,38,4,179344.13,1,0,1,184975.87,1
1863,15601862,Martin,766,Germany,Female,53,1,203726.94,2,1,1,173887.58,0
1864,15601863,King,706,Spain,Male,33,9,0.0,2,1,1,53013.58,0
1865,15601864,Hall,645,Spain,Female,36,3,232487.72,1,1,0,177057.18,1
1866,15601865,Green,757,Germany,Male,51,5,52589.97,2,0,1,60707.83,0
1867,15601866,Johnson,850,Germany,Female,38,1,21190.64,1,1,1,88755.11,1
1868,15601867,Johnson,680,France,Male,27,3,50970.69,2,1,0,170395.48,0
1869,15601868,Clarke,661,Spain,Female,67,6,77928.04,1,1,0,65479.8,0
1870,15601869,Wilson,666,Germany,Male,27,9,217163.66,1,1,0,58863.61,1
1871,15601870,Evans,776,France,Male,38,3,74536.25,2,1,1,134062.71,0
1872,15601871,Wood,592,France,Male,43,6,42718.93,3,0,0,199935.6,0
1873,15601872,Smith,623,Germany,Male,42,9,40584.76,2,0,1,27080.34,0
1874,15601873,Taylor,502,Germany,Male,37,3,0.0,2,1,1,140511.07,0
1875,15601874,Johnson,536,Germany,Female,37,3,144851.6,2,0,1,105864.12,0
1876,15601875,White,600,Germany,Male,36,0,0.0,2,0,1,82712.88,0
1877,15601876,Roberts,645,France,Male,27,9,0.0,1,1,0,150221.89,0
1878,15601877,Doyle,820,France,Female,63,1,27927.36,1,0,0,111412.43,0
1879,15601878,Hall,701,Spain,Male,37,2,0.0,2,1,0,159764.42,0
1880,15601879,Walker,562,Spain,Male,46,1,0.0,2,1,1,149026.94,0
1881,15601880,White,580,Spain,Female,35,7,0.0,2,1,1,197038.68,0
1882,15601881,Smith,782,Spain,Female,35,4,0.0,1,0,1,162362.3,0
1883,15601882,Brown,758,France,Female,34,7,197707.95,1,1,1,14293.16,1
1884,15601883,King,653,Spain,Male,22,6,0.0,1,1,1,156136.28,0
1885,15601884,Clarke,608,France,Female,37,0,0.0,2,1,1,130290.94,0
1886,15601885,Jackson,758,France,Male,35,3,57987.43,1,1,1,18868.28,0
1887,15601886,Hall,555,France,Female,52,0,0.0,2,1,0,121492.36,0
1888,15601887,Roberts,688,France,Female,26,0,8252.13,1,0,0,150409.92,0
1889,15601888,Doyle,850,Germany,Female,33,5,8028.75,1,0,1,40241.71,1
1890,15601889,Taylor,670,France,Male,29,2,0.0,2,1,1,87547.42,0
1891,15601890,Turner,576,France,Male,55,0,149638.54,1,1,1,108954.77,1
1892,15601891,Baker,689,Germany,Female,29,4,0.0,2,1,0,83217.39,0
1893,15601892,Clarke,605,Spain,Male,45,4,197247.93,1,0,1,175324.96,0
1894,15601893,King,516,France,Male,50,10,49829.22,2,0,0,34611.74,0
1895,15601894,Harris,717,France,Female,37,7,0.0,2,1,0,154539.55,0
1896,15601895,Davies,757,France,Female,24,4,69922.01,2,1,1,155840.15,0
1897,15601896,Clarke,620,Spain,Male,24,5,3859.73,1,0,1,90157.96,0
1898,15601897,White,614,France,Male,48,0,160607.84,1,1,0,108356.12,0
1899,15601898,Walker,558,France,Male,25,4,167102.61,2,1,0,31558.93,0
1900,15601899,King,636,France,Male,43,6,0.0,3,0,1,39836.36,0
1901,15601900,Thomas,596,Spain,Male,40,0,71759.13,2,1,0,106801.3,0
1902,15601901,Taylor,553,France,Female,43,10,40181.22,2,0,0,45711.48,0
1903,15601902,Thomas,832,Germany,Female,44,5,83371.03,2,1,1,161486.61,0
1904,15601903,Taylor,695,France,Male,29,8,0.0,2,0,1,123627.4,0
1905,15601904,Taylor,705,Spain,Male,28,3,70673.93,2,1,0,12259.16,0
1906,15601905,Green,735,France,Female,47,9,0.0,2,0,1,72217.46,0
1907,15601906,Turner,724,France,Female,32,4,0.0,2,1,1,171826.76,0
1908,15601907,Davies,610,France,Female,18,10,128693.53,2,1,0,56211.37,0
1909,15601908,Smith,676,Germany,Male,46,5,78510.53,2,1,0,144223.86,1
1910,15601909,White,624,Germany,Female,28,7,71990.77,1,1,0,19666.23,0
1911,15601910,Taylor,692,France,Male,44,2,38807.29,1,1,0,186176.2,0
1912,15601911,Roberts,683,France,Male,54,10,0.0,3,0,1,90419.79,0
1913,15601912,Brown,613,Germany,Female,39,2,167492.15,2,1,0,98821.56,0
1914,15601913,Smith,522,Spain,Male,50,0,27312.25,1,1,1,114396.2,0
1915,15601914,Brown,664,France,Male,41,4,129645.27,2,1,0,73323.04,0
1916,15601915,Wilson,630,France,Male,56,9,92588.04,2,0,1,145331.77,0
1917,15601916,Baker,469,Spain,Male,27,10,0.0,2,0,1,3902.13,0
1918,15601917,Jackson,699,Spain,Male,39,9,49720.4,2,1,1,33278.65,0
1919,15601918,Jackson,743,Spain,Female,46,6,70652.24,1,0,1,38575.36,1
1920,15601919,Johnson,850,Germany,Male,37,10,89685.39,1,0,1,127432.7,0
1921,15601920,Fowler,612,France,Male,52,5,61363.32,1,1,1,178229.56,0
1922,15601921,Wilson,598,France,Female,34,5,108228.77,2,0,1,13664.31,0
1923,15601922,King,543,France,Male,62,1,0.0,1,0,1,170639.26,0
1924,15601923,Fowler,670,France,Female,62,8,209498.86,2,0,1,164083.21,0
1925,15601924,White,669,France,Male,42,3,0.0,2,1,0,16248.51,0
1926,15601925,Harris,572,France,Female,45,2,0.0,2,1,0,29502.46,0
1927,15601926,Brown,633,France,Male,52,4,153966.05,2,0,0,70659.02,0
1928,15601927,Hill,460,Spain,Female,26,6,78787.11,2,1,1,23819.25,0
1929,15601928,Walker,739,France,Male,25,2,200655.89,2,1,0,151898.94,0
1930,15601929,Johnson,576,France,Female,53,3,0.0,1,0,0,101309.79,1
1931,15601930,Martin,647,Spain,Male,42,3,62210.29,1,1,1,82742.16,0
1932,15601931,White,513,Spain,Female,37,6,129704.65,2,1,0,145264.58,0
1933,15601932,Jackson,594,Germany,Male,39,7,57332.47,1,1,1,59286.18,0
1934,15601933,Hill,623,Germany,Male,18,7,90148.0,2,1,0,174434.75,1
1935,15601934,Baker,649,Spain,Male,37,1,127179.16,1,1,1,131139.38,1
1936,15601935,Jackson,696,France,Male,31,3,151215.01,2,1,0,69954.56,0
1937,15601936,Harris,788,France,Male,49,7,139236.32,1,1,1,108434.67,0
1938,15601937,Davies,720,Spain,Female,50,2,94124.43,2,0,1,52630.25,0
1939,15601938,Doyle,742,France,Male,45,0,226588.31,1,1,0,197011.17,0
1940,15601939,Harris,789,France,Male,43,3,0.0,2,1,0,87685.26,0
1941,15601940,Johnson,705,France,Male,23,7,1603.97,1,0,1,179458.06,0
1942,15601941,Doyle,646,France,Male,45,7,0.0,2,1,1,195626.07,0
1943,15601942,Walker,747,France,Male,46,1,171070.43,1,1,0,107622.7,1
1944,15601943,Hill,753,France,Female,53,7,85784.09,2,0,1,146269.12,0
1945,15601944,Green,712,Germany,Male,62,2,98748.16,2,1,0,114877.11,1
1946,15601945,Smith,510,Germany,Female,20,8,60161.19,3,1,1,19221.96,0
1947,15601946,Turner,569,France,Male,35,6,65101.36,2,1,0,190531.19,0
1948,15601947,Baker,624,Germany,Male,31,1,0.0,2,1,1,91870.65,0
1949,15601948,Doyle,725,France,Female,41,3,0.0,2,1,0,178918.56,0
1950,15601949,Harris,648,Germany,Male,39,9,84644.1,1,1,0,131465.46,1
1951,15601950,Fowler,759,Germany,Male,36,4,113925.3,2,0,0,21932.99,1
1952,15601951,Brown,776,France,Female,50,7,108669.11,1,1,0,83993.54,0
1953,15601952,Wood,765,Germany,Female,27,8,0.0,2,1,1,39973.78,0
1954,15601953,Doyle,766,Germany,Female,28,0,9769.82,1,1,1,34802.11,0
1955,15601954,Johnson,550,Germany,Male,28,10,0.0,1,0,0,143302.66,1
1956,15601955,Walker,696,Germany,Female,35,3,0.0,2,1,0,6973.98,0
1957,15601956,Wood,592,Spain,Female,25,8,171299.54,1,1,1,193261.97,1
1958,15601957,Smith,492,France,Female,38,5,0.0,1,0,1,90534.75,1
1959,15601958,Smith,622,Germany,Male,37,6,52896.63,1,1,1,98461.78,1
1960,15601959,Doyle,777,Spain,Male,30,3,90523.04,2,1,0,60586.35,1
1961,15601960,King,694,Spain,Male,49,9,0.0,1,1,0,18037.6,0
1962,15601961,King,844,France,Male,38,1,0.0,1,1,0,118060.29,0
1963,15601962,Harris,667,Spain,Female,51,9,0.0,4,0,1,69606.15,0
1964,15601963,Fowler,850,France,Male,37,2,0.0,3,1,1,125190.45,0
1965,15601964,Brown,667,Spain,Male,39,9,136241.0,1,0,0,111598.19,1
1966,15601965,King,652,France,Male,33,0,36647.36,2,1,0,44165.26,0
1967,15601966,Green,527,Spain,Male,39,0,72685.12,1,1,1,92869.13,0
1968,15601967,Fowler,757,Germany,Male,47,1,131201.77,3,0,0,62304.54,1
1969,15601968,Smith,602,France,Male,34,6,58596.57,1,1,1,48705.09,0
1970,15601969,Harris,588,Spain,Male,45,2,0.0,1,1,0,154171.17,1
1971,15601970,King,773,France,Female,30,6,112101.61,1,1,0,3369.41,0
1972,15601971,Evans,761,Germany,Male,47,9,0.0,2,0,0,54507.69,0
1973,15601972,Walker,759,Spain,Male,33,0,103978.0,1,1,1,106686.05,0
1974,15601973,Johnson,615,France,Male,48,5,0.0,2,1,0,95753.05,0
1975,15601974,Smith,645,France,Male,40,8,0.0,1,0,0,188092.9,0
1976,15601975,Harris,644,France,Male,56,4,27649.26,2,1,1,168887.84,0
1977,15601976,Harris,725,France,Male,26,10,0.0,2,1,0,150568.92,0
1978,15601977,Brown,799,Germany,Male,23,7,83688.82,1,1,0,103301.55,0
1979,15601978,Turner,685,Spain,Male,32,0,134894.28,1,1,0,86352.44,0
1980,15601979,King,840,France,Female,24,5,14084.47,1,0,1,8277.34,0
1981,15601980,Turner,736,Germany,Male,24,4,0.0,2,1,0,164511.98,0
1982,15601981,White,627,France,Male,46,1,133154.72,1,0,1,86711.87,0
1983,15601982,Green,730,Germany,Female,39,10,0.0,2,1,1,64872.51,0
1984,15601983,Turner,814,France,Male,34,2,75118.04,2,0,1,121720.24,0
1985,15601984,Jackson,842,Spain,Male,35,0,180541.56,2,0,0,151073.43,0
1986,15601985,Harris,764,Germany,Male,32,2,120356.76,2,1,1,105087.21,0
1987,15601986,Davies,652,France,Male,57,9,0.0,1,1,1,30767.05,0
1988,15601987,Smith,629,Spain,Male,31,6,126208.67,1,0,1,184407.65,0
1989,15601988,Green,705,Germany,Female,24,9,48874.48,2,1,0,23457.05,1
1990,15601989,Davies,811,France,Female,48,5,0.0,1,0,1,193944.75,0
1991,15601990,Wilson,692,France,Female,37,1,52045.5,2,1,1,89052.94,0
1992,15601991,Jackson,694,Spain,Male,61,4,87083.22,3,0,1,189378.02,0
1993,15601992,Hall,655,France,Male,33,2,0.0,1,1,0,183015.3,0
1994,15601993,Taylor,619,France,Male,48,6,90173.67,1,0,1,81847.19,0
1995,15601994,Smith,634,France,Male,51,2,0.0,1,1,1,160205.03,0
1996,15601995,Green,663,Germany,Male,33,10,77705.4,1,1,1,18864.73,1
1997,15601996,Taylor,815,France,Male,31,4,0.0,3,1,1,17464.12,0
1998,15601997,Smith,627,France,Male,47,3,116986.28,3,1,1,71835.36,0
1999,15601998,Smith,655,Germany,Male,45,10,99640.69,1,0,0,122347.23,0
2000,15601999,Wood,567,Spain,Male,23,5,0.0,3,0,0,2854.89,0
